{"stats":{"minecraft:crafted":{"minecraft:oak_planks":20,"minecraft:cooked_porkchop":2,"minecraft:crafting_table":1,"minecraft:cooked_mutton":11,"minecraft:stick":4,"minecraft:wooden_axe":2,"minecraft:white_bed":1},"minecraft:dropped":{"born_in_chaos_v1:intoxicating_decoction":2,"minecraft:wheat_seeds":12,"minecraft:birch_sapling":3,"minecraft:cobblestone":2,"minecraft:rotten_flesh":4,"minecraft:leather":2,"minecraft:cooked_mutton":6,"minecraft:dirt":5,"born_in_chaos_v1:corpse_maggot":3,"skilltree:gem":1,"minecraft:oak_sapling":12,"gravestone:obituary":18,"minecraft:spruce_slab":2,"minecraft:arrow":2,"minecraft:stone_pickaxe":1,"minecraft:white_wool":2},"minecraft:used":{"minecraft:cooked_mutton":5,"minecraft:spruce_slab":1,"minecraft:stone_pickaxe":61,"minecraft:oak_planks":18,"minecraft:spruce_planks":1,"minecraft:shield":41,"minecraft:composter":1,"minecraft:mossy_cobblestone":1,"minecraft:crafting_table":2,"minecraft:white_bed":1,"minecraft:stripped_spruce_log":5,"minecraft:wooden_axe":144,"minecraft:stone_axe":31,"minecraft:furnace":1,"minecraft:cooked_porkchop":2},"minecraft:picked_up":{"minecraft:birch_log":61,"born_in_chaos_v1:corpse_maggot":3,"minecraft:crafting_table":2,"minecraft:feather":3,"minecraft:chicken":2,"born_in_chaos_v1:river_mint":3,"minecraft:flower_pot":1,"minecraft:leather":2,"minecraft:lead":1,"minecraft:oak_log":52,"minecraft:chain":13,"gravestone:obituary":11,"minecraft:shield":1,"skilltree:gem":2,"minecraft:dirt":5,"minecraft:string":2,"minecraft:raw_copper":45,"iter_rpg:etherbloom":1,"born_in_chaos_v1:intoxicating_decoction":4,"born_in_chaos_v1:marigolds":25,"minecraft:kelp":2,"minecraft:wheat_seeds":12,"minecraft:spruce_planks":1,"minecraft:beef":3,"minecraft:stone_pickaxe":2,"minecraft:spruce_slab":3,"minecraft:chest":1,"minecraft:birch_sapling":16,"minecraft:oak_planks":59,"minecraft:egg":2,"minecraft:furnace":1,"minecraft:stick":24,"minecraft:raw_iron":1,"minecraft:composter":3,"minecraft:porkchop":2,"iceandfire:rotten_egg":1,"minecraft:stripped_spruce_log":5,"minecraft:mossy_cobblestone":1,"minecraft:stone_sword":1,"minecraft:arrow":4,"minecraft:rotten_flesh":4,"minecraft:tropical_fish":1,"minecraft:stone_axe":1,"minecraft:oak_sapling":27,"minecraft:black_wool":1,"minecraft:mutton":5,"minecraft:coal":16,"minecraft:white_wool":6,"minecraft:cobblestone":2},"minecraft:broken":{"minecraft:wooden_axe":2},"minecraft:custom":{"minecraft:interact_with_furnace":13,"minecraft:mob_kills":9,"minecraft:interact_with_crafting_table":7,"minecraft:open_barrel":11,"minecraft:leave_game":2,"minecraft:time_since_death":13658,"minecraft:sleep_in_bed":3,"minecraft:time_since_rest":10199,"minecraft:sprint_one_cm":159856,"minecraft:damage_taken":2355,"minecraft:walk_one_cm":368515,"minecraft:damage_blocked_by_shield":1275,"minecraft:drop":76,"minecraft:damage_dealt":906,"minecraft:damage_dealt_absorbed":4,"minecraft:talked_to_villager":1,"minecraft:swim_one_cm":6002,"minecraft:fly_one_cm":54412,"minecraft:open_chest":17,"minecraft:crouch_one_cm":97,"minecraft:play_time":89429,"minecraft:deaths":7,"minecraft:sneak_time":13,"minecraft:walk_under_water_one_cm":1053,"minecraft:jump":884,"minecraft:walk_on_water_one_cm":6470,"minecraft:total_world_time":89429,"minecraft:fall_one_cm":22450},"minecraft:killed":{"minecraft:pig":1,"minecraft:skeleton":1,"minecraft:sheep":4,"minecraft:chicken":1,"minecraft:cow":2},"minecraft:mined":{"born_in_chaos_v1:marigolds":24,"minecraft:crafting_table":2,"gravestone:gravestone":6,"minecraft:grass_block":3,"minecraft:chest":1,"minecraft:copper_ore":14,"minecraft:tall_grass":4,"minecraft:oak_planks":2,"minecraft:composter":3,"minecraft:chain":13,"farmersdelight:wild_beetroots":3,"minecraft:furnace":1,"minecraft:birch_log":61,"iter_rpg:etherbloom":1,"minecraft:birch_leaves":1,"born_in_chaos_v1:river_mint":3,"minecraft:grass":52,"minecraft:coal_ore":16,"minecraft:oak_log":52,"minecraft:flower_pot":1,"minecraft:dirt":4,"minecraft:stone":2,"minecraft:white_wool":2,"minecraft:oak_leaves":5},"minecraft:killed_by":{"born_in_chaos_v1:restless_spirit":1,"minecraft:cave_spider":1,"minecraft:skeleton":4,"minecraft:vex":1}},"DataVersion":3465}