{"stats":{"minecraft:killed":{"minecraft:skeleton":1,"minecraft:chicken":1,"minecraft:pig":1,"born_in_chaos_v1:baby_skeleton":1,"minecraft:squid":1,"minecraft:sheep":4,"minecraft:cow":2},"minecraft:dropped":{"born_in_chaos_v1:intoxicating_decoction":2,"minecraft:wheat_seeds":14,"minecraft:diamond_leggings":1,"minecraft:crossbow":2,"minecraft:cobblestone":20,"minecraft:leather":2,"minecraft:dirt":8,"minecraft:diorite":2,"skilltree:gem":2,"minecraft:diamond_helmet":3,"minecraft:smooth_quartz_slab":4,"gravestone:obituary":22,"minecraft:polished_blackstone_bricks":4,"minecraft:white_wool":2,"minecraft:gravel":20,"minecraft:blackstone":6,"minecraft:birch_sapling":8,"minecraft:rotten_flesh":6,"minecraft:cooked_mutton":6,"minecraft:diamond_chestplate":2,"born_in_chaos_v1:corpse_maggot":3,"minecraft:oak_sapling":14,"minecraft:diamond_boots":1,"minecraft:spruce_slab":2,"minecraft:basalt":12,"minecraft:arrow":4,"minecraft:stone_pickaxe":1,"minecraft:netherrack":1},"minecraft:picked_up":{"minecraft:crafting_table":2,"minecraft:wheat":1,"minecraft:chicken":2,"born_in_chaos_v1:river_mint":3,"minecraft:flower_pot":1,"minecraft:lead":1,"minecraft:orange_banner":1,"minecraft:gilded_blackstone":9,"gravestone:obituary":13,"minecraft:chain":13,"minecraft:golden_sword":1,"minecraft:shield":1,"iter_rpg:etherbloom":2,"minecraft:string":7,"minecraft:raw_copper":45,"born_in_chaos_v1:intoxicating_decoction":4,"minecraft:blackstone":6,"minecraft:diamond_leggings":2,"minecraft:gold_nugget":34,"minecraft:spruce_planks":1,"minecraft:beef":3,"minecraft:spruce_slab":3,"minecraft:chest":3,"minecraft:birch_sapling":21,"minecraft:egg":3,"minecraft:furnace":1,"minecraft:raw_iron":6,"minecraft:stick":47,"minecraft:composter":3,"minecraft:porkchop":2,"minecraft:polished_blackstone_bricks":4,"minecraft:golden_axe":1,"iceandfire:rotten_egg":1,"minecraft:cherry_log":52,"minecraft:diorite":4,"minecraft:stone_sword":1,"minecraft:arrow":6,"minecraft:diamond_chestplate":3,"minecraft:rotten_flesh":6,"minecraft:tropical_fish":1,"minecraft:diamond_boots":2,"minecraft:black_banner":3,"minecraft:mutton":5,"minecraft:bone_block":47,"minecraft:white_wool":6,"minecraft:cobblestone":35,"born_in_chaos_v1:fused_bone":2,"minecraft:birch_log":90,"born_in_chaos_v1:corpse_maggot":3,"minecraft:feather":3,"minecraft:basalt":12,"minecraft:crimson_stem":2,"minecraft:andesite":1,"minecraft:leather":11,"minecraft:flint":4,"minecraft:oak_log":69,"skilltree:gem":10,"minecraft:dirt":8,"minecraft:white_banner":1,"born_in_chaos_v1:marigolds":25,"minecraft:bone":32,"minecraft:apple":2,"minecraft:kelp":2,"minecraft:wheat_seeds":14,"minecraft:stone_pickaxe":2,"minecraft:diamond_helmet":4,"minecraft:glowstone_dust":24,"minecraft:oak_planks":60,"minecraft:soul_sand":9,"minecraft:quartz":1,"minecraft:gravel":20,"minecraft:stripped_spruce_log":5,"minecraft:ink_sac":3,"minecraft:white_bed":1,"minecraft:mossy_cobblestone":1,"minecraft:stone_axe":1,"minecraft:crossbow":2,"minecraft:cherry_sapling":38,"minecraft:smooth_quartz_slab":4,"minecraft:netherrack":1,"minecraft:oak_sapling":30,"minecraft:black_wool":1,"minecraft:coal":27},"minecraft:crafted":{"minecraft:black_dye":3,"minecraft:oak_planks":20,"minecraft:cooked_chicken":1,"minecraft:bone_meal":12,"minecraft:cooked_mutton":11,"minecraft:stone_pickaxe":1,"sophisticatedbackpacks:backpack":2,"minecraft:cooked_porkchop":12,"minecraft:crafting_table":1,"minecraft:stone_axe":1,"minecraft:stick":4,"minecraft:wooden_axe":2,"minecraft:black_bed":1,"minecraft:white_bed":1},"minecraft:custom":{"minecraft:mob_kills":11,"minecraft:interact_with_crafting_table":20,"minecraft:open_barrel":19,"minecraft:leave_game":5,"minecraft:time_since_death":14977,"minecraft:sprint_one_cm":260747,"minecraft:walk_one_cm":805342,"minecraft:damage_blocked_by_shield":2213,"minecraft:drop":173,"minecraft:damage_dealt_absorbed":4,"minecraft:talked_to_villager":1,"minecraft:play_time":238454,"minecraft:deaths":9,"minecraft:sneak_time":683,"minecraft:walk_under_water_one_cm":14523,"minecraft:jump":1956,"minecraft:walk_on_water_one_cm":35145,"minecraft:total_world_time":238454,"minecraft:interact_with_furnace":18,"minecraft:sleep_in_bed":8,"minecraft:time_since_rest":15040,"minecraft:waystone_activated":1,"minecraft:damage_taken":4180,"minecraft:damage_dealt":1590,"minecraft:swim_one_cm":21472,"minecraft:fly_one_cm":79506,"minecraft:open_chest":38,"minecraft:crouch_one_cm":1126,"minecraft:fall_one_cm":46943},"minecraft:used":{"minecraft:cherry_sapling":15,"minecraft:stone_sword":20,"minecraft:spruce_slab":1,"minecraft:spruce_planks":1,"minecraft:shield":57,"minecraft:cooked_chicken":1,"iter_rpg:etherbloom":1,"minecraft:stripped_spruce_log":5,"minecraft:wooden_axe":144,"minecraft:furnace":1,"minecraft:golden_axe":3,"minecraft:cooked_mutton":5,"minecraft:diorite":2,"minecraft:stone_pickaxe":211,"minecraft:oak_planks":19,"minecraft:composter":1,"minecraft:mossy_cobblestone":1,"minecraft:crafting_table":2,"minecraft:white_bed":1,"minecraft:black_bed":1,"minecraft:stone_axe":152,"minecraft:cobblestone":9,"minecraft:cooked_porkchop":12,"minecraft:golden_pickaxe":32,"minecraft:bone_meal":3},"minecraft:mined":{"minecraft:nether_gold_ore":6,"minecraft:white_bed":1,"minecraft:cherry_log":57,"minecraft:cherry_sapling":7,"minecraft:orange_banner":1,"minecraft:glow_lichen":1,"gravestone:gravestone":8,"minecraft:black_banner":1,"minecraft:grass_block":3,"minecraft:composter":3,"minecraft:crimson_stem":2,"minecraft:gilded_blackstone":11,"minecraft:polished_blackstone_bricks":2,"minecraft:glowstone":9,"minecraft:furnace":1,"minecraft:iron_ore":5,"iter_rpg:etherbloom":2,"minecraft:stone":28,"minecraft:bone_block":43,"minecraft:white_wool":2,"born_in_chaos_v1:marigolds":24,"minecraft:soul_sand":9,"minecraft:basalt":13,"minecraft:crafting_table":2,"minecraft:chest":1,"minecraft:smooth_quartz_slab":2,"minecraft:nether_quartz_ore":1,"minecraft:tall_grass":4,"minecraft:copper_ore":14,"minecraft:oak_planks":2,"farmersdelight:wild_beetroots":3,"minecraft:seagrass":1,"minecraft:chain":13,"minecraft:birch_log":90,"minecraft:black_wall_banner":1,"minecraft:birch_leaves":1,"born_in_chaos_v1:river_mint":3,"minecraft:grass":52,"minecraft:oak_log":69,"minecraft:coal_ore":27,"minecraft:cherry_leaves":3,"minecraft:flower_pot":1,"minecraft:gravel":27,"minecraft:dirt":5,"minecraft:netherrack":1,"minecraft:oak_leaves":6},"minecraft:broken":{"minecraft:stone_pickaxe":1,"minecraft:shield":1,"minecraft:stone_axe":1,"minecraft:golden_pickaxe":1,"minecraft:wooden_axe":2},"minecraft:killed_by":{"born_in_chaos_v1:restless_spirit":1,"minecraft:cave_spider":1,"minecraft:skeleton":4,"minecraft:vex":1}},"DataVersion":3465}