{"stats":{"minecraft:crafted":{"minecraft:oak_planks":20,"minecraft:cooked_porkchop":2,"minecraft:crafting_table":1,"minecraft:stick":4,"minecraft:wooden_axe":2,"minecraft:cooked_mutton":11},"minecraft:dropped":{"born_in_chaos_v1:intoxicating_decoction":2,"minecraft:wheat_seeds":10,"born_in_chaos_v1:corpse_maggot":3,"minecraft:birch_sapling":3,"minecraft:oak_sapling":12,"minecraft:rotten_flesh":4,"minecraft:white_wool":2},"minecraft:used":{"minecraft:wooden_axe":144,"minecraft:crafting_table":2,"minecraft:cooked_mutton":3},"minecraft:picked_up":{"minecraft:birch_log":40,"born_in_chaos_v1:corpse_maggot":3,"minecraft:stick":19,"minecraft:crafting_table":1,"born_in_chaos_v1:river_mint":3,"minecraft:porkchop":2,"minecraft:oak_log":52,"minecraft:string":2,"born_in_chaos_v1:marigolds":13,"born_in_chaos_v1:intoxicating_decoction":4,"minecraft:rotten_flesh":4,"minecraft:tropical_fish":1,"minecraft:kelp":2,"minecraft:wheat_seeds":10,"minecraft:beef":3,"minecraft:oak_sapling":17,"minecraft:black_wool":1,"minecraft:birch_sapling":5,"minecraft:mutton":5,"minecraft:white_wool":6},"minecraft:broken":{"minecraft:wooden_axe":2},"minecraft:custom":{"minecraft:interact_with_furnace":6,"minecraft:time_since_rest":25537,"minecraft:sprint_one_cm":45226,"minecraft:damage_taken":125,"minecraft:walk_one_cm":103869,"minecraft:mob_kills":7,"minecraft:drop":36,"minecraft:damage_dealt":810,"minecraft:swim_one_cm":1306,"minecraft:interact_with_crafting_table":4,"minecraft:fly_one_cm":15416,"minecraft:crouch_one_cm":97,"minecraft:play_time":25537,"minecraft:sneak_time":13,"minecraft:walk_under_water_one_cm":270,"minecraft:jump":173,"minecraft:walk_on_water_one_cm":2574,"minecraft:time_since_death":25537,"minecraft:total_world_time":25537,"minecraft:fall_one_cm":3538},"minecraft:killed":{"minecraft:sheep":4,"minecraft:pig":1,"minecraft:cow":2},"minecraft:mined":{"farmersdelight:wild_beetroots":3,"born_in_chaos_v1:marigolds":13,"minecraft:birch_log":40,"born_in_chaos_v1:river_mint":3,"minecraft:crafting_table":1,"minecraft:grass":51,"minecraft:oak_log":52,"minecraft:tall_grass":3,"minecraft:oak_leaves":5,"minecraft:white_wool":2}},"DataVersion":3465}