{"stats":{"minecraft:killed":{"minecraft:pig":1,"minecraft:squid":1,"minecraft:skeleton":1,"minecraft:sheep":4,"minecraft:chicken":1,"minecraft:cow":2},"minecraft:dropped":{"born_in_chaos_v1:intoxicating_decoction":2,"minecraft:wheat_seeds":14,"minecraft:crossbow":1,"minecraft:birch_sapling":8,"minecraft:cobblestone":2,"minecraft:rotten_flesh":6,"minecraft:leather":2,"minecraft:cooked_mutton":6,"minecraft:dirt":5,"born_in_chaos_v1:corpse_maggot":3,"skilltree:gem":2,"minecraft:oak_sapling":14,"gravestone:obituary":19,"minecraft:spruce_slab":2,"minecraft:arrow":2,"minecraft:stone_pickaxe":1,"minecraft:white_wool":2},"minecraft:picked_up":{"minecraft:birch_log":90,"born_in_chaos_v1:corpse_maggot":3,"minecraft:crafting_table":2,"minecraft:wheat":1,"minecraft:feather":3,"minecraft:chicken":2,"born_in_chaos_v1:river_mint":3,"minecraft:flower_pot":1,"minecraft:andesite":1,"minecraft:leather":10,"minecraft:lead":1,"minecraft:oak_log":69,"minecraft:chain":13,"gravestone:obituary":11,"minecraft:shield":1,"minecraft:white_banner":1,"skilltree:gem":8,"minecraft:string":7,"minecraft:dirt":5,"minecraft:raw_copper":45,"iter_rpg:etherbloom":2,"born_in_chaos_v1:marigolds":25,"born_in_chaos_v1:intoxicating_decoction":4,"minecraft:bone":25,"minecraft:apple":2,"minecraft:kelp":2,"minecraft:wheat_seeds":14,"minecraft:diamond_leggings":1,"minecraft:spruce_planks":1,"minecraft:beef":3,"minecraft:stone_pickaxe":2,"minecraft:spruce_slab":3,"minecraft:diamond_helmet":1,"minecraft:chest":2,"minecraft:birch_sapling":21,"minecraft:oak_planks":60,"minecraft:furnace":1,"minecraft:egg":3,"minecraft:stick":37,"minecraft:raw_iron":6,"minecraft:composter":3,"minecraft:porkchop":2,"minecraft:cherry_log":35,"minecraft:stripped_spruce_log":5,"iceandfire:rotten_egg":1,"minecraft:ink_sac":3,"minecraft:diorite":4,"minecraft:mossy_cobblestone":1,"minecraft:stone_sword":1,"minecraft:rotten_flesh":6,"minecraft:arrow":4,"minecraft:diamond_chestplate":1,"minecraft:tropical_fish":1,"minecraft:stone_axe":1,"minecraft:diamond_boots":1,"minecraft:crossbow":1,"minecraft:cherry_sapling":27,"minecraft:oak_sapling":30,"minecraft:black_wool":1,"minecraft:mutton":5,"minecraft:coal":25,"minecraft:white_wool":6,"minecraft:cobblestone":23},"minecraft:crafted":{"minecraft:black_dye":3,"minecraft:oak_planks":20,"sophisticatedbackpacks:backpack":2,"minecraft:cooked_porkchop":12,"minecraft:crafting_table":1,"minecraft:cooked_chicken":1,"minecraft:bone_meal":12,"minecraft:cooked_mutton":11,"minecraft:stick":4,"minecraft:wooden_axe":2,"minecraft:white_bed":1},"minecraft:custom":{"minecraft:interact_with_furnace":18,"minecraft:mob_kills":10,"minecraft:interact_with_crafting_table":17,"minecraft:open_barrel":11,"minecraft:leave_game":5,"minecraft:time_since_death":78137,"minecraft:sleep_in_bed":7,"minecraft:waystone_activated":1,"minecraft:time_since_rest":9693,"minecraft:sprint_one_cm":213613,"minecraft:damage_taken":3557,"minecraft:walk_one_cm":667114,"minecraft:damage_blocked_by_shield":2213,"minecraft:drop":90,"minecraft:damage_dealt":1460,"minecraft:damage_dealt_absorbed":4,"minecraft:swim_one_cm":20749,"minecraft:talked_to_villager":1,"minecraft:fly_one_cm":69819,"minecraft:open_chest":35,"minecraft:play_time":178454,"minecraft:crouch_one_cm":153,"minecraft:sneak_time":54,"minecraft:deaths":8,"minecraft:walk_under_water_one_cm":11333,"minecraft:jump":1579,"minecraft:walk_on_water_one_cm":31317,"minecraft:total_world_time":178454,"minecraft:fall_one_cm":40205},"minecraft:mined":{"born_in_chaos_v1:marigolds":24,"minecraft:cherry_log":36,"minecraft:cherry_sapling":7,"minecraft:crafting_table":2,"minecraft:glow_lichen":1,"gravestone:gravestone":7,"minecraft:grass_block":3,"minecraft:chest":1,"minecraft:copper_ore":14,"minecraft:tall_grass":4,"minecraft:oak_planks":2,"minecraft:composter":3,"minecraft:seagrass":1,"farmersdelight:wild_beetroots":3,"minecraft:chain":13,"minecraft:furnace":1,"minecraft:birch_log":90,"minecraft:iron_ore":5,"iter_rpg:etherbloom":2,"minecraft:birch_leaves":1,"born_in_chaos_v1:river_mint":3,"minecraft:grass":52,"minecraft:coal_ore":25,"minecraft:oak_log":69,"minecraft:cherry_leaves":3,"minecraft:flower_pot":1,"minecraft:dirt":4,"minecraft:stone":17,"minecraft:white_wool":2,"minecraft:oak_leaves":6},"minecraft:used":{"minecraft:cooked_mutton":5,"minecraft:cherry_sapling":13,"minecraft:diorite":2,"minecraft:stone_sword":20,"minecraft:stone_pickaxe":93,"minecraft:spruce_slab":1,"minecraft:oak_planks":19,"minecraft:spruce_planks":1,"minecraft:shield":57,"minecraft:composter":1,"minecraft:mossy_cobblestone":1,"minecraft:crafting_table":2,"minecraft:white_bed":1,"iter_rpg:etherbloom":1,"minecraft:stripped_spruce_log":5,"minecraft:wooden_axe":144,"minecraft:stone_axe":128,"minecraft:cobblestone":5,"minecraft:furnace":1,"minecraft:cooked_porkchop":10,"minecraft:bone_meal":3},"minecraft:broken":{"minecraft:shield":1,"minecraft:wooden_axe":2},"minecraft:killed_by":{"born_in_chaos_v1:restless_spirit":1,"minecraft:cave_spider":1,"minecraft:skeleton":4,"minecraft:vex":1}},"DataVersion":3465}