{"stats":{"minecraft:killed_by":{"born_in_chaos_v1:restless_spirit":1,"minecraft:cave_spider":1,"minecraft:skeleton":4,"minecraft:vex":1},"minecraft:used":{"minecraft:cherry_sapling":15,"minecraft:stone_sword":20,"minecraft:spruce_slab":1,"minecraft:ladder":6,"minecraft:spruce_planks":1,"minecraft:shield":57,"minecraft:cooked_chicken":1,"minecraft:netherrack":3,"iter_rpg:etherbloom":1,"minecraft:stripped_spruce_log":5,"minecraft:wooden_axe":144,"minecraft:furnace":1,"minecraft:golden_axe":33,"minecraft:cooked_mutton":5,"minecraft:diorite":2,"minecraft:stone_pickaxe":241,"minecraft:oak_planks":19,"minecraft:composter":1,"minecraft:mossy_cobblestone":1,"minecraft:crafting_table":3,"minecraft:white_bed":1,"minecraft:black_bed":1,"minecraft:stone_axe":161,"minecraft:cobblestone":9,"minecraft:cooked_porkchop":13,"minecraft:golden_pickaxe":36,"minecraft:bone_meal":3},"minecraft:crafted":{"minecraft:black_dye":3,"minecraft:oak_planks":44,"minecraft:cooked_chicken":1,"minecraft:bone_meal":12,"minecraft:cooked_mutton":11,"sophisticatedbackpacks:copper_backpack":1,"minecraft:ladder":6,"minecraft:stone_pickaxe":1,"sophisticatedbackpacks:iron_backpack":1,"sophisticatedbackpacks:backpack":2,"minecraft:cooked_porkchop":12,"minecraft:crafting_table":1,"minecraft:stone_axe":1,"minecraft:stick":44,"minecraft:wooden_axe":2,"minecraft:black_bed":1,"minecraft:white_bed":1},"minecraft:mined":{"minecraft:nether_gold_ore":8,"minecraft:white_bed":1,"minecraft:cherry_log":57,"minecraft:cherry_sapling":7,"minecraft:glow_lichen":1,"minecraft:orange_banner":1,"gravestone:gravestone":8,"minecraft:black_banner":1,"minecraft:grass_block":3,"minecraft:crimson_roots":1,"minecraft:composter":3,"minecraft:gilded_blackstone":13,"minecraft:crimson_stem":8,"minecraft:polished_blackstone_bricks":2,"minecraft:glowstone":9,"minecraft:furnace":1,"minecraft:iron_ore":5,"iter_rpg:etherbloom":2,"minecraft:shroomlight":1,"minecraft:stone":28,"minecraft:bone_block":43,"minecraft:white_wool":2,"born_in_chaos_v1:marigolds":24,"minecraft:soul_sand":9,"minecraft:basalt":13,"minecraft:crafting_table":3,"minecraft:chest":1,"minecraft:nether_quartz_ore":25,"minecraft:smooth_quartz_slab":2,"minecraft:copper_ore":14,"minecraft:tall_grass":4,"minecraft:oak_planks":2,"farmersdelight:wild_beetroots":3,"minecraft:seagrass":1,"minecraft:chain":13,"minecraft:nether_wart_block":28,"minecraft:birch_log":90,"minecraft:black_wall_banner":1,"minecraft:birch_leaves":1,"born_in_chaos_v1:river_mint":3,"minecraft:warped_fungus":1,"minecraft:grass":52,"minecraft:oak_log":69,"minecraft:coal_ore":27,"minecraft:cherry_leaves":3,"minecraft:flower_pot":1,"minecraft:gravel":27,"minecraft:dirt":5,"minecraft:netherrack":5,"minecraft:oak_leaves":6},"minecraft:custom":{"minecraft:mob_kills":11,"minecraft:interact_with_crafting_table":36,"minecraft:open_barrel":25,"minecraft:leave_game":8,"minecraft:time_since_death":50092,"minecraft:climb_one_cm":1564,"minecraft:sprint_one_cm":272810,"minecraft:walk_one_cm":899904,"minecraft:damage_blocked_by_shield":2213,"minecraft:drop":482,"minecraft:damage_dealt_absorbed":4,"minecraft:talked_to_villager":1,"minecraft:play_time":273569,"minecraft:sneak_time":752,"minecraft:deaths":9,"minecraft:walk_under_water_one_cm":14523,"minecraft:jump":2113,"minecraft:walk_on_water_one_cm":35145,"minecraft:total_world_time":273569,"minecraft:interact_with_furnace":18,"minecraft:sleep_in_bed":8,"minecraft:waystone_activated":1,"minecraft:time_since_rest":50155,"minecraft:damage_taken":4340,"minecraft:damage_dealt":1616,"minecraft:swim_one_cm":21472,"minecraft:fly_one_cm":82105,"minecraft:open_chest":42,"minecraft:crouch_one_cm":1164,"minecraft:fall_one_cm":51712},"minecraft:picked_up":{"minecraft:crafting_table":3,"minecraft:wheat":1,"minecraft:chicken":2,"born_in_chaos_v1:river_mint":3,"minecraft:flower_pot":1,"born_in_chaos_v1:seedof_chaos":1,"minecraft:lead":1,"minecraft:orange_banner":1,"minecraft:gilded_blackstone":10,"minecraft:chain":13,"gravestone:obituary":13,"minecraft:shield":1,"minecraft:golden_sword":1,"minecraft:string":7,"minecraft:raw_copper":45,"iter_rpg:etherbloom":2,"born_in_chaos_v1:intoxicating_decoction":4,"minecraft:blackstone":6,"minecraft:shroomlight":7,"minecraft:diamond_leggings":2,"minecraft:gold_nugget":46,"minecraft:spruce_planks":1,"minecraft:beef":3,"minecraft:spruce_slab":3,"minecraft:chest":3,"minecraft:birch_sapling":21,"minecraft:furnace":1,"minecraft:egg":3,"minecraft:stick":47,"minecraft:raw_iron":6,"minecraft:copper_ingot":9,"minecraft:composter":3,"minecraft:porkchop":2,"minecraft:polished_blackstone_bricks":4,"minecraft:golden_axe":1,"minecraft:cherry_log":52,"iceandfire:rotten_egg":1,"minecraft:diorite":4,"minecraft:stone_sword":1,"minecraft:arrow":6,"minecraft:weeping_vines":6,"minecraft:rotten_flesh":6,"minecraft:diamond_chestplate":3,"minecraft:tropical_fish":1,"minecraft:diamond_boots":2,"minecraft:black_banner":3,"minecraft:mutton":5,"minecraft:bone_block":47,"minecraft:white_wool":6,"minecraft:cobblestone":35,"born_in_chaos_v1:fused_bone":4,"minecraft:birch_log":90,"born_in_chaos_v1:corpse_maggot":3,"minecraft:feather":3,"minecraft:basalt":12,"minecraft:crimson_stem":45,"minecraft:andesite":1,"minecraft:leather":11,"minecraft:flint":4,"minecraft:oak_log":69,"minecraft:nether_wart_block":286,"skilltree:gem":15,"minecraft:dirt":8,"minecraft:white_banner":2,"born_in_chaos_v1:marigolds":25,"minecraft:bone":35,"minecraft:apple":2,"minecraft:kelp":2,"minecraft:wheat_seeds":14,"minecraft:iron_ingot":4,"minecraft:stone_pickaxe":2,"minecraft:diamond_helmet":4,"minecraft:glowstone_dust":24,"minecraft:oak_planks":60,"minecraft:soul_sand":9,"minecraft:warped_fungus":1,"minecraft:quartz":25,"minecraft:gravel":20,"minecraft:stripped_spruce_log":5,"minecraft:ink_sac":3,"minecraft:white_bed":1,"minecraft:mossy_cobblestone":1,"minecraft:stone_axe":1,"minecraft:crossbow":2,"minecraft:cherry_sapling":38,"minecraft:netherrack":5,"minecraft:oak_sapling":30,"minecraft:black_wool":1,"minecraft:smooth_quartz_slab":4,"minecraft:coal":27,"minecraft:crimson_roots":4},"minecraft:killed":{"minecraft:skeleton":1,"minecraft:chicken":1,"minecraft:pig":1,"born_in_chaos_v1:baby_skeleton":1,"minecraft:squid":1,"minecraft:sheep":4,"minecraft:cow":2},"minecraft:dropped":{"born_in_chaos_v1:intoxicating_decoction":2,"minecraft:soul_sand":9,"minecraft:wheat_seeds":14,"minecraft:diamond_leggings":1,"minecraft:crossbow":2,"minecraft:weeping_vines":6,"minecraft:cobblestone":20,"minecraft:leather":2,"minecraft:copper_ingot":1,"minecraft:dirt":8,"minecraft:diorite":2,"minecraft:crimson_roots":4,"minecraft:nether_wart_block":287,"skilltree:gem":2,"minecraft:diamond_helmet":3,"minecraft:smooth_quartz_slab":4,"gravestone:obituary":22,"minecraft:white_banner":2,"minecraft:polished_blackstone_bricks":4,"minecraft:white_wool":2,"minecraft:gravel":20,"minecraft:blackstone":6,"minecraft:birch_sapling":8,"minecraft:rotten_flesh":6,"minecraft:cooked_mutton":6,"minecraft:diamond_chestplate":2,"born_in_chaos_v1:corpse_maggot":3,"minecraft:oak_sapling":14,"minecraft:diamond_boots":1,"minecraft:spruce_slab":2,"minecraft:basalt":12,"minecraft:arrow":4,"minecraft:stone_pickaxe":1,"minecraft:netherrack":1},"minecraft:broken":{"minecraft:stone_pickaxe":2,"minecraft:shield":1,"minecraft:golden_axe":1,"minecraft:stone_axe":1,"minecraft:golden_pickaxe":1,"minecraft:wooden_axe":2}},"DataVersion":3465}