{"stats":{"minecraft:dropped":{"minecraft:iron_sword":2,"minecraft:lapis_lazuli":1,"minecraft:baked_potato":64,"iceandfire:chared_dirt":11,"minecraft:crossbow":1,"minecraft:dark_oak_slab":3,"minecraft:warped_roots":1,"minecraft:leather":1,"minecraft:cracked_stone_bricks":1,"born_in_chaos_v1:pieceofdarkmetal":4,"minecraft:rail":3,"minecraft:red_carpet":2,"minecraft:dirt":55,"minecraft:seagrass":1,"minecraft:chain":1,"gravestone:obituary":38,"minecraft:gold_nugget":2,"iceandfire:ash":1,"minecraft:bone":27,"minecraft:stone_axe":2,"born_in_chaos_v1:fire_dust":1,"minecraft:polished_andesite_slab":3,"minecraft:cobbled_deepslate":2313,"minecraft:cherry_sapling":10,"minecraft:rotten_flesh":66,"justhammers:iron_hammer":5,"minecraft:gunpowder":2,"minecraft:beetroot_seeds":1,"born_in_chaos_v1:corpse_maggot":3,"minecraft:spruce_slab":16,"minecraft:arrow":15,"iceandfire:chared_grass":2,"minecraft:stone_brick_stairs":2,"iceandfire:manuscript":1,"minecraft:netherrack":17,"minecraft:egg":2,"justhammers:diamond_hammer":1,"minecraft:wheat_seeds":51,"minecraft:cherry_log":1,"minecraft:cobbled_deepslate_stairs":61,"minecraft:diamond_leggings":1,"minecraft:poisonous_potato":2,"minecraft:iron_helmet":2,"minecraft:feather":1,"minecraft:cobblestone":137,"minecraft:tropical_fish":1,"minecraft:chainmail_helmet":1,"minecraft:leather_horse_armor":1,"minecraft:torch":51,"minecraft:wooden_axe":1,"skilltree:gem":2,"minecraft:diamond_helmet":1,"minecraft:iron_leggings":2,"minecraft:polished_andesite_stairs":4,"minecraft:string":12,"minecraft:bucket":1,"minecraft:redstone":9,"minecraft:smooth_basalt":11,"minecraft:kelp":2,"minecraft:stone_sword":1,"minecraft:bowl":2,"minecraft:tuff":284,"born_in_chaos_v1:black_argillite_button":1,"minecraft:chicken":1,"minecraft:white_carpet":1,"minecraft:iron_boots":1,"iceandfire:dragon_skull_ice":1,"minecraft:pumpkin_seeds":38,"minecraft:potato":1,"minecraft:shield":2,"minecraft:diamond_chestplate":1,"minecraft:spruce_trapdoor":5,"minecraft:spruce_planks":1,"minecraft:iron_chestplate":1,"minecraft:andesite":1,"minecraft:oak_sapling":93,"minecraft:stone_bricks":2,"minecraft:spider_eye":4,"minecraft:diamond_boots":1,"minecraft:bow":3,"minecraft:stone_pickaxe":2,"minecraft:wooden_pickaxe":1,"minecraft:calcite":8,"minecraft:magma_block":5},"minecraft:killed":{"born_in_chaos_v1:lifestealer_true_form":1,"born_in_chaos_v1:zombie_clown":2,"minecraft:cave_spider":8,"born_in_chaos_v1:mr_pumpkin":13,"minecraft:witch":1,"born_in_chaos_v1:restless_spirit":3,"born_in_chaos_v1:zombie_lumberjack":1,"born_in_chaos_v1:sir_the_headless":1,"born_in_chaos_v1:door_knight_not_despawn":1,"born_in_chaos_v1:pumpkin_spirit":1,"minecraft:spider":28,"born_in_chaos_v1:baby_skeleton_minion":4,"minecraft:skeleton":16,"minecraft:chicken":1,"iceandfire:dread_scuttler":2,"born_in_chaos_v1:supreme_bonescaller_stage_2":1,"irons_spellbooks:summoned_skeleton":4,"born_in_chaos_v1:firelight_not_despawn":2,"born_in_chaos_v1:bonescaller":2,"minecraft:pig":10,"born_in_chaos_v1:diamond_termite":18,"minecraft:zombie_villager":1,"minecraft:salmon":1,"iter_rpg:spiderling":8,"irons_spellbooks:necromancer":4,"minecraft:creeper":13,"minecraft:sheep":16,"mowziesmobs:lantern":3,"born_in_chaos_v1:zombie_fisherman":2,"minecraft:trader_llama":1,"minecraft:pillager":3,"minecraft:zombie":49,"born_in_chaos_v1:dread_hound":5,"born_in_chaos_v1:corpse_fly":5,"minecraft:stray":11,"iceandfire:pixie":18,"iceandfire:dread_ghoul":4,"born_in_chaos_v1:door_knight":1,"minecraft:cow":12,"minecraft:evoker":3,"minecraft:vex":2,"irons_spellbooks:summoned_zombie":7,"minecraft:vindicator":27,"born_in_chaos_v1:skeleton_thrasher_not_despawn":3,"iceandfire:dread_beast":5,"born_in_chaos_v1:thornshell_crab":9,"born_in_chaos_v1:zombie_bruiser":2,"born_in_chaos_v1:maggot":20,"iceandfire:dread_knight":17,"iceandfire:dread_thrall":20,"iceandfire:fire_dragon":2,"born_in_chaos_v1:barrel_zombie":3,"born_in_chaos_v1:spiritof_chaos":1,"born_in_chaos_v1:felsteed":1,"born_in_chaos_v1:bone_imp_minion":5,"born_in_chaos_v1:baby_skeleton":2,"irons_spellbooks:citadel_keeper":1,"born_in_chaos_v1:decrepit_skeleton":5,"born_in_chaos_v1:bloody_gadfly":1,"born_in_chaos_v1:bonescaller_not_despawn":1,"born_in_chaos_v1:dark_vortex":1,"iter_rpg:giant_spider":1,"born_in_chaos_v1:nightmare_stalker":1},"minecraft:picked_up":{"irons_spellbooks:scroll":1,"iceandfire:dread_stone_bricks":5,"minecraft:seagrass":1,"minecraft:flower_pot":1,"minecraft:lead":2,"minecraft:stone_brick_stairs":2,"minecraft:amethyst_block":10,"born_in_chaos_v1:holiday_candy":21,"iceandfire:manuscript":1,"paraglider:goddess_statue":4,"minecraft:string":50,"iter_rpg:unidentified_spell":1,"irons_spellbooks:arcane_essence":5,"minecraft:gold_nugget":1179,"minecraft:cobbled_deepslate":2577,"minecraft:bucket":1,"minecraft:spruce_planks":1,"minecraft:calcite":16,"iceandfire:dragonscales_red":4,"minecraft:furnace":2,"minecraft:tipped_arrow":5,"iceandfire:pixie_dust":19,"minecraft:stick":68,"born_in_chaos_v1:shattered_skull":5,"minecraft:torch":77,"born_in_chaos_v1:pileof_dark_metal":3,"minecraft:porkchop":22,"minecraft:cherry_log":19,"minecraft:diorite":4,"born_in_chaos_v1:nightmare_claw":1,"minecraft:rotten_flesh":75,"minecraft:tropical_fish":1,"iceandfire:fire_dragon_heart":2,"minecraft:iron_block":2,"irons_spellbooks:arcane_debris":12,"minecraft:leather_horse_armor":1,"minecraft:obsidian":13,"minecraft:cobblestone":475,"minecraft:magma_block":5,"minecraft:feather":1,"born_in_chaos_v1:spiritual_dust":10,"minecraft:andesite":3,"minecraft:potato":658,"paraglider:spirit_orb":36,"minecraft:tuff":282,"born_in_chaos_v1:black_argillite_button":1,"skilltree:gem":48,"minecraft:lapis_lazuli":91,"minecraft:dirt":134,"born_in_chaos_v1:monster_skin":5,"born_in_chaos_v1:marigolds":1,"minecraft:bone":62,"minecraft:bow":3,"minecraft:wheat_seeds":52,"minecraft:raw_gold":74,"minecraft:grindstone":1,"minecraft:oak_planks":50,"irons_spellbooks:frozen_bone":18,"iter_rpg:spider_silk":1,"minecraft:poisonous_potato":2,"iceandfire:dragon_skull_fire":2,"minecraft:stripped_spruce_log":5,"minecraft:barrel":4,"minecraft:dark_oak_log":1,"minecraft:mossy_cobblestone":2,"born_in_chaos_v1:fire_dust":1,"minecraft:diamond":173,"waystones:waystone":3,"iceandfire:dread_stone_bricks_mossy":1,"iter_rpg:abyssquartz_shard":11,"minecraft:crossbow":1,"minecraft:chainmail_helmet":1,"minecraft:emerald":13,"minecraft:oak_sapling":100,"born_in_chaos_v1:rotten_fish":12,"minecraft:netherrack":43,"iceandfire:raw_silver":13,"minecraft:coarse_dirt":4,"minecraft:crafting_table":5,"born_in_chaos_v1:diamond_termite_shard":18,"minecraft:chicken":1,"born_in_chaos_v1:river_mint":6,"born_in_chaos_v1:seedof_chaos":13,"mowziesmobs:glowing_jelly":3,"minecraft:gold_block":3,"minecraft:chain":4,"gravestone:obituary":10,"iter_rpg:gist":3,"born_in_chaos_v1:intoxicating_decoction":4,"minecraft:white_carpet":1,"minecraft:cracked_stone_bricks":1,"minecraft:beef":26,"iceandfire:dread_knight_sword":1,"iceandfire:dread_shard":6,"born_in_chaos_v1:gnawed_bones":1,"minecraft:iron_nugget":20,"minecraft:spruce_slab":13,"minecraft:lectern":1,"minecraft:sugar_cane":4,"minecraft:chest":5,"minecraft:spruce_trapdoor":5,"minecraft:egg":3,"minecraft:raw_iron":103,"iceandfire:dragonbone":51,"minecraft:copper_ingot":5,"iceandfire:chared_grass":7,"minecraft:bowl":3,"born_in_chaos_v1:pieceofdarkmetal":20,"minecraft:carrot":2,"minecraft:redstone":142,"minecraft:dark_oak_planks":14,"iceandfire:dragon_skull_ice":1,"minecraft:arrow":28,"minecraft:beetroot_seeds":1,"iceandfire:chared_dirt":12,"born_in_chaos_v1:spiny_shell":28,"minecraft:totem_of_undying":3,"born_in_chaos_v1:trident_hayfork":1,"minecraft:mutton":23,"minecraft:rail":3,"minecraft:white_wool":12,"born_in_chaos_v1:corpse_maggot":9,"born_in_chaos_v1:monster_flesh":5,"born_in_chaos_v1:pumpkin_staff":1,"minecraft:glow_ink_sac":1,"minecraft:leather":17,"minecraft:birch_planks":2,"minecraft:mushroom_stew":1,"minecraft:oak_log":287,"iceandfire:dread_stone_bricks_cracked":1,"minecraft:cobbled_deepslate_stairs":5,"minecraft:gunpowder":14,"minecraft:cooked_mutton":9,"minecraft:red_carpet":2,"born_in_chaos_v1:soul_cutlass":1,"minecraft:stone_bricks":2,"minecraft:apple":16,"minecraft:kelp":2,"born_in_chaos_v1:smoked_flesh":8,"minecraft:iron_ingot":1,"minecraft:cooked_chicken":2,"born_in_chaos_v1:chipped_black_argillite_brick":1,"irons_spellbooks:cinder_essence":1,"iceandfire:fire_dragon_flesh":11,"minecraft:polished_andesite_slab":3,"minecraft:iron_sword":1,"iter_rpg:deepslate_geode":1,"minecraft:dark_oak_stairs":1,"minecraft:book":197,"iceandfire:chared_stone":6,"minecraft:polished_andesite_stairs":4,"minecraft:smooth_basalt":11,"minecraft:dark_oak_slab":4,"minecraft:emerald_block":1,"minecraft:sweet_berries":12,"born_in_chaos_v1:lifestealer_bone":4,"iceandfire:ash":4,"born_in_chaos_v1:orbofthe_summoner":1,"born_in_chaos_v1:ethereal_spirit":7,"born_in_chaos_v1:dark_rod":1,"minecraft:amethyst_shard":116,"minecraft:spruce_log":3,"minecraft:crying_obsidian":4,"minecraft:spider_eye":13,"minecraft:pumpkin_seeds":67,"minecraft:chainmail_leggings":1,"minecraft:cherry_sapling":20,"minecraft:warped_roots":1,"minecraft:baked_potato":60,"minecraft:coal":97},"minecraft:crafted":{"minecraft:smooth_stone":3,"minecraft:oak_planks":404,"minecraft:cooked_chicken":1,"born_in_chaos_v1:spiny_shell_armor_chestplate":1,"minecraft:stone":3,"iter_rpg:abyssquartz_capacitator":1,"minecraft:bookshelf":20,"born_in_chaos_v1:dark_metal_ingot":4,"minecraft:cooked_mutton":17,"minecraft:diamond_leggings":2,"minecraft:diamond_helmet":2,"minecraft:iron_boots":2,"sophisticatedbackpacks:copper_backpack":1,"justhammers:diamond_hammer":2,"minecraft:chest":5,"born_in_chaos_v1:pileof_dark_metal":3,"minecraft:smoker":2,"iceandfire:ambrosia":19,"iceandfire:silver_axe":1,"minecraft:emerald":9,"sophisticatedbackpacks:backpack":1,"born_in_chaos_v1:smoked_fish":8,"minecraft:cooked_porkchop":8,"minecraft:diamond_axe":1,"enchantinginfuser:enchanting_infuser":1,"minecraft:crafting_table":7,"minecraft:spruce_planks":20,"minecraft:iron_helmet":2,"minecraft:wooden_pickaxe":1,"minecraft:baked_potato":414,"minecraft:birch_planks":120,"minecraft:iron_chestplate":2,"minecraft:diamond_pickaxe":1,"minecraft:charcoal":236,"minecraft:shield":6,"minecraft:stick":184,"minecraft:iron_ingot":126,"minecraft:stone_sword":2,"minecraft:gold_ingot":202,"simplyswords:diamond_halberd":1,"born_in_chaos_v1:sharpened_dark_metal_sword":1,"minecraft:iron_nugget":9,"minecraft:furnace":5,"minecraft:blast_furnace":1,"minecraft:bone_meal":183,"born_in_chaos_v1:smoked_monster_flesh":7,"born_in_chaos_v1:spiny_shell_armor_helmet":1,"born_in_chaos_v1:bone_handle":1,"minecraft:iron_hoe":1,"minecraft:spruce_slab":12,"minecraft:stone_pickaxe":2,"minecraft:diamond_boots":2,"minecraft:cobbled_deepslate_stairs":160,"iceandfire:armor_silver_metal_boots":1,"minecraft:cooked_beef":29,"iceandfire:silver_ingot":10,"minecraft:enchanting_table":1,"simplyswords:iron_halberd":1,"minecraft:iron_sword":1,"minecraft:bowl":4,"minecraft:bucket":1,"minecraft:stone_axe":2,"minecraft:air":0,"justhammers:iron_hammer":5,"minecraft:golden_apple":9,"minecraft:wooden_axe":2,"minecraft:iron_leggings":3,"minecraft:white_bed":2,"iceandfire:silver_pickaxe":1,"minecraft:torch":444,"minecraft:diamond_chestplate":2},"minecraft:custom":{"minecraft:interact_with_crafting_table":95,"minecraft:open_barrel":110,"minecraft:leave_game":5,"minecraft:time_since_death":152593,"minecraft:sprint_one_cm":1431081,"minecraft:damage_blocked_by_shield":10740,"minecraft:drop":248,"minecraft:play_time":683599,"minecraft:deaths":29,"minecraft:jump":10839,"minecraft:enchant_item":2,"minecraft:walk_on_water_one_cm":65633,"minecraft:interact_with_furnace":163,"minecraft:sleep_in_bed":19,"minecraft:waystone_activated":1,"minecraft:damage_dealt":86801,"minecraft:player_kills":1,"minecraft:crouch_one_cm":32667,"minecraft:interact_with_smoker":87,"minecraft:mob_kills":427,"minecraft:damage_dealt_resisted":8208,"minecraft:climb_one_cm":1880,"minecraft:walk_one_cm":1509547,"minecraft:damage_dealt_absorbed":41,"minecraft:sneak_time":10668,"minecraft:walk_under_water_one_cm":19532,"minecraft:interact_with_blast_furnace":14,"minecraft:total_world_time":683599,"minecraft:time_since_rest":7119,"minecraft:damage_absorbed":2415,"minecraft:damage_taken":29443,"minecraft:swim_one_cm":62428,"minecraft:fly_one_cm":2035875,"minecraft:open_chest":312,"minecraft:fall_one_cm":427867},"minecraft:used":{"minecraft:spruce_slab":9,"minecraft:chest":7,"minecraft:shield":230,"paraglider:goddess_statue":4,"born_in_chaos_v1:soul_cutlass":18,"minecraft:stripped_spruce_log":3,"born_in_chaos_v1:corpse_maggot":5,"born_in_chaos_v1:smoked_flesh":8,"born_in_chaos_v1:sharpened_dark_metal_sword":184,"born_in_chaos_v1:spiny_shell_armor_chestplate":1,"minecraft:iron_helmet":1,"minecraft:dark_oak_slab":1,"minecraft:bow":5,"iceandfire:chared_stone":6,"minecraft:sweet_berries":13,"minecraft:oak_sapling":1,"minecraft:furnace":4,"minecraft:egg":1,"minecraft:potato":244,"born_in_chaos_v1:spiny_shell_armor_helmet":1,"minecraft:dark_oak_stairs":1,"minecraft:diorite":4,"minecraft:oak_planks":19,"minecraft:stone_pickaxe":91,"minecraft:wooden_pickaxe":26,"minecraft:diamond_axe":20,"simplyswords:diamond_halberd":64,"iceandfire:dread_stone_bricks":4,"minecraft:white_wool":2,"minecraft:golden_apple":4,"iceandfire:armor_silver_metal_boots":1,"minecraft:mushroom_stew":1,"minecraft:blast_furnace":1,"simplyswords:iron_halberd":308,"born_in_chaos_v1:holiday_candy":2,"iceandfire:silver_axe":385,"minecraft:cobbled_deepslate_stairs":104,"iceandfire:silver_pickaxe":462,"waystones:waystone":1,"minecraft:dark_oak_log":1,"minecraft:bread":5,"born_in_chaos_v1:marigolds":1,"born_in_chaos_v1:smoked_monster_flesh":7,"minecraft:andesite":2,"minecraft:chain":2,"minecraft:coarse_dirt":4,"minecraft:bone_meal":183,"minecraft:stone_sword":126,"minecraft:spruce_planks":1,"born_in_chaos_v1:smoked_fish":8,"minecraft:cooked_chicken":3,"minecraft:netherrack":26,"minecraft:torch":453,"minecraft:dirt":73,"minecraft:iron_hoe":44,"minecraft:wooden_axe":73,"born_in_chaos_v1:chipped_black_argillite_brick":1,"minecraft:bookshelf":20,"minecraft:totem_of_undying":2,"minecraft:barrel":4,"minecraft:golden_carrot":4,"minecraft:goat_horn":1,"minecraft:cooked_beef":29,"minecraft:cobbled_deepslate":155,"minecraft:iron_leggings":1,"minecraft:calcite":8,"born_in_chaos_v1:trident_hayfork":245,"minecraft:cooked_mutton":26,"minecraft:water_bucket":85,"minecraft:birch_planks":2,"minecraft:baked_potato":252,"farmersdelight:golden_knife":32,"iceandfire:chared_dirt":1,"minecraft:mossy_cobblestone":2,"justhammers:diamond_hammer":887,"minecraft:crafting_table":12,"iceandfire:dread_stone_bricks_mossy":1,"minecraft:white_bed":2,"minecraft:smoker":2,"justhammers:iron_hammer":519,"minecraft:flower_pot":1,"minecraft:diamond_pickaxe":419,"iceandfire:ambrosia":19,"minecraft:iron_pickaxe":93,"iceandfire:ash":3,"minecraft:stone_axe":20,"enchantinginfuser:enchanting_infuser":1,"minecraft:cobblestone":287,"minecraft:cooked_porkchop":8,"iceandfire:chared_grass":5,"minecraft:bucket":86,"iceandfire:dread_stone_bricks_cracked":1,"minecraft:chainmail_leggings":1},"minecraft:mined":{"minecraft:cobbled_deepslate_stairs":5,"irons_spellbooks:armor_pile":1,"minecraft:cherry_log":18,"minecraft:spruce_trapdoor":5,"minecraft:grass_block":72,"born_in_chaos_v1:dark_metal_deposit":7,"iceandfire:dread_spawner":2,"minecraft:deepslate_bricks":1,"minecraft:spawner":18,"minecraft:barrel":4,"minecraft:cobbled_deepslate":6,"minecraft:iron_ore":23,"minecraft:fire":8,"minecraft:deepslate_lapis_ore":8,"iceandfire:gold_pile":127,"minecraft:dirt_path":3,"iceandfire:dread_stone_bricks_cracked":1,"minecraft:iron_block":2,"minecraft:spruce_slab":3,"minecraft:deepslate_redstone_ore":3,"minecraft:amethyst_cluster":29,"born_in_chaos_v1:infected_deepslate_diamond_ore":9,"minecraft:torch":2,"minecraft:calcite":3,"minecraft:polished_andesite_stairs":1,"minecraft:potted_warped_roots":1,"minecraft:chest":5,"minecraft:cobblestone":36,"minecraft:grindstone":1,"minecraft:oak_planks":2,"minecraft:sugar_cane":2,"born_in_chaos_v1:black_argillite_button":4,"minecraft:wall_torch":9,"minecraft:amethyst_block":1,"minecraft:chain":1,"minecraft:dark_oak_slab":4,"born_in_chaos_v1:river_mint":5,"minecraft:grass":31,"iceandfire:dread_stone_bricks_mossy":1,"minecraft:oak_log":296,"minecraft:dirt":64,"born_in_chaos_v1:infernal_evil_pumpkin_s":1,"iceandfire:dread_stone_bricks":6,"minecraft:netherrack":34,"minecraft:oak_leaves":55,"minecraft:deepslate":184,"minecraft:emerald_block":1,"iceandfire:chared_stone":7,"minecraft:tuff":19,"iceandfire:silver_ore":13,"minecraft:mossy_cobblestone":2,"minecraft:dark_oak_leaves":2,"minecraft:deepslate_diamond_ore":86,"gravestone:gravestone":25,"iceandfire:chared_dirt":12,"minecraft:polished_andesite_slab":1,"iter_rpg:big_vase":1,"iceandfire:chared_grass":7,"minecraft:furnace":2,"iter_rpg:small_vase":1,"minecraft:andesite":4,"minecraft:gold_block":1,"minecraft:bookshelf":66,"minecraft:potatoes":191,"minecraft:deepslate_iron_ore":38,"born_in_chaos_v1:black_argillite_column_slab_n":1,"minecraft:stone":380,"born_in_chaos_v1:marigolds":1,"minecraft:crafting_table":5,"iter_rpg:vase":1,"born_in_chaos_v1:black_argillite_brick_n":6,"minecraft:lectern":1,"minecraft:tall_grass":8,"born_in_chaos_v1:chipped_black_argillite_brick":2,"minecraft:deepslate_gold_ore":36,"minecraft:diorite":8,"farmersdelight:wild_beetroots":1,"minecraft:coarse_dirt":2,"minecraft:ice":1,"iter_rpg:abyss_quartz":7,"minecraft:spruce_log":3,"minecraft:birch_leaves":9,"iceandfire:ash":5,"minecraft:coal_ore":85,"iter_rpg:spider_egg":1,"minecraft:gravel":5,"minecraft:cobweb":6,"minecraft:stone_bricks":1,"minecraft:fern":1,"paraglider:goddess_statue":4,"minecraft:dark_oak_planks":1},"minecraft:broken":{"born_in_chaos_v1:spiny_shell_armor_chestplate":1,"minecraft:golden_helmet":1,"minecraft:iron_boots":1,"minecraft:iron_chestplate":1,"minecraft:iron_leggings":1,"iceandfire:silver_pickaxe":1,"born_in_chaos_v1:spiny_shell_armor_helmet":1,"minecraft:wooden_axe":1,"iceandfire:armor_silver_metal_boots":1,"simplyswords:iron_halberd":1,"minecraft:chainmail_leggings":1,"minecraft:stone_sword":1,"minecraft:shield":3,"farmersdelight:golden_knife":1},"minecraft:killed_by":{"born_in_chaos_v1:nightmare_stalker":1,"iceandfire:dread_ghoul":3,"minecraft:vindicator":1,"born_in_chaos_v1:diamond_termite":1,"minecraft:cave_spider":4,"born_in_chaos_v1:supreme_bonescaller_stage_2":1,"iceandfire:fire_dragon":1,"minecraft:vex":4,"minecraft:player":1,"born_in_chaos_v1:restless_spirit":2,"iceandfire:dread_scuttler":1,"iceandfire:dread_knight":1,"irons_spellbooks:necromancer":1,"minecraft:skeleton":2,"iceandfire:ghost":1}},"DataVersion":3465}