{"stats":{"minecraft:killed_by":{"born_in_chaos_v1:nightmare_stalker":1,"minecraft:vindicator":1,"minecraft:vex":4,"born_in_chaos_v1:restless_spirit":2,"iceandfire:ghost":1,"iceandfire:dread_ghoul":3,"born_in_chaos_v1:diamond_termite":1,"minecraft:cave_spider":4,"born_in_chaos_v1:supreme_bonescaller_stage_2":1,"iceandfire:fire_dragon":1,"minecraft:player":1,"iceandfire:dread_scuttler":1,"iceandfire:dread_knight":1,"irons_spellbooks:necromancer":1,"minecraft:skeleton":2},"minecraft:used":{"minecraft:chiseled_deepslate":1,"minecraft:spruce_slab":13,"minecraft:polished_blackstone":12,"sophisticatedbackpacks:copper_backpack":1,"minecraft:chest":7,"minecraft:soul_sand":29,"iammusicplayer:boombox":3,"born_in_chaos_v1:soul_cutlass":18,"minecraft:stripped_spruce_log":3,"born_in_chaos_v1:smoked_flesh":8,"born_in_chaos_v1:sharpened_dark_metal_sword":184,"born_in_chaos_v1:spiny_shell_armor_chestplate":1,"minecraft:dark_oak_slab":1,"minecraft:stone_brick_stairs":1,"minecraft:bow":5,"iceandfire:chared_stone":6,"minecraft:sweet_berries":13,"minecraft:furnace":4,"minecraft:oak_sapling":1,"minecraft:egg":1,"minecraft:potato":362,"born_in_chaos_v1:spiny_shell_armor_helmet":1,"minecraft:diorite":4,"minecraft:blackstone":59,"minecraft:wooden_pickaxe":26,"iceandfire:dread_stone_bricks":4,"minecraft:golden_apple":12,"iceandfire:armor_silver_metal_boots":1,"minecraft:blast_furnace":1,"simplyswords:iron_halberd":308,"born_in_chaos_v1:holiday_candy":2,"justhammers:netherite_hammer":1379,"iceandfire:silver_pickaxe":462,"minecraft:smithing_table":1,"minecraft:iron_bars":4,"minecraft:stone_sword":126,"born_in_chaos_v1:smoked_fish":8,"minecraft:netherrack":631,"minecraft:torch":457,"minecraft:brewing_stand":1,"born_in_chaos_v1:chipped_black_argillite_brick":1,"minecraft:totem_of_undying":2,"minecraft:barrel":5,"minecraft:diamond_chestplate":1,"minecraft:goat_horn":1,"minecraft:cobbled_deepslate":155,"minecraft:calcite":8,"minecraft:water_bucket":109,"minecraft:birch_planks":2,"farmersdelight:golden_knife":32,"minecraft:fletching_table":1,"minecraft:polished_blackstone_bricks":21,"iceandfire:chared_dirt":1,"minecraft:mossy_cobblestone":2,"minecraft:crafting_table":14,"justhammers:diamond_hammer":1046,"minecraft:white_bed":2,"justhammers:iron_hammer":519,"minecraft:diamond_pickaxe":1120,"minecraft:diamond_shovel":89,"minecraft:iron_pickaxe":250,"enchantinginfuser:enchanting_infuser":1,"minecraft:potion":3,"minecraft:cobblestone":587,"minecraft:cooked_porkchop":8,"minecraft:kelp":11,"minecraft:diamond_leggings":1,"iceandfire:dread_stone_bricks_cracked":1,"minecraft:shield":281,"minecraft:green_terracotta":4,"paraglider:goddess_statue":4,"minecraft:nether_bricks":57,"minecraft:beehive":1,"minecraft:obsidian":10,"born_in_chaos_v1:corpse_maggot":5,"minecraft:iron_helmet":1,"minecraft:stone_bricks":9,"minecraft:dark_oak_stairs":1,"minecraft:diamond_boots":1,"iammusicplayer:cassette_deck":4,"minecraft:stone_pickaxe":91,"minecraft:oak_planks":21,"minecraft:diamond_axe":695,"simplyswords:diamond_halberd":409,"minecraft:blue_bed":2,"iammusicplayer:music_manager":2,"minecraft:white_wool":2,"minecraft:mushroom_stew":1,"iceandfire:silver_axe":385,"minecraft:cobbled_deepslate_stairs":104,"waystones:waystone":1,"minecraft:dark_oak_log":1,"minecraft:bread":5,"born_in_chaos_v1:marigolds":1,"minecraft:gravel":3,"born_in_chaos_v1:smoked_monster_flesh":7,"minecraft:andesite":53,"minecraft:chain":3,"minecraft:coarse_dirt":4,"minecraft:bone_meal":205,"minecraft:flint_and_steel":1,"minecraft:spruce_planks":2,"minecraft:cooked_chicken":3,"minecraft:dirt":87,"minecraft:white_carpet":1,"minecraft:diamond_helmet":1,"minecraft:iron_hoe":44,"minecraft:wooden_axe":73,"minecraft:bookshelf":20,"minecraft:golden_carrot":4,"minecraft:soul_soil":25,"minecraft:cooked_beef":29,"minecraft:iron_leggings":1,"born_in_chaos_v1:trident_hayfork":245,"minecraft:cooked_mutton":26,"minecraft:cobblestone_stairs":10,"minecraft:glass_bottle":9,"minecraft:baked_potato":453,"iceandfire:dread_stone_bricks_mossy":1,"minecraft:smoker":2,"minecraft:flower_pot":1,"iceandfire:ambrosia":19,"minecraft:cracked_polished_blackstone_bricks":21,"iceandfire:ash":3,"minecraft:stone_axe":20,"iceandfire:chared_grass":5,"minecraft:bucket":110,"minecraft:splash_potion":6,"minecraft:chainmail_leggings":1},"minecraft:crafted":{"justhammers:netherite_hammer":1,"minecraft:smooth_stone":3,"minecraft:blaze_powder":30,"iammusicplayer:boombox":1,"born_in_chaos_v1:spiny_shell_armor_chestplate":1,"iter_rpg:abyssquartz_capacitator":1,"minecraft:bookshelf":20,"minecraft:cooked_mutton":17,"minecraft:glass":12,"minecraft:diamond_helmet":2,"minecraft:diamond_leggings":2,"sophisticatedbackpacks:copper_backpack":1,"minecraft:polished_blackstone":12,"iceandfire:ambrosia":19,"iceandfire:silver_axe":1,"minecraft:glass_bottle":6,"minecraft:emerald":12,"minecraft:diamond_axe":1,"minecraft:cooked_porkchop":27,"enchantinginfuser:enchanting_infuser":1,"iammusicplayer:cassette_tape":9,"minecraft:smithing_table":1,"minecraft:fletching_table":1,"minecraft:iron_block":1,"minecraft:gold_ingot":402,"minecraft:netherite_ingot":5,"minecraft:jukebox":2,"minecraft:iron_nugget":18,"minecraft:bone_meal":267,"born_in_chaos_v1:smoked_monster_flesh":7,"born_in_chaos_v1:spiny_shell_armor_helmet":1,"minecraft:spruce_slab":12,"minecraft:stone_pickaxe":2,"minecraft:diamond_boots":2,"minecraft:cobbled_deepslate_stairs":160,"minecraft:redstone_block":1,"iceandfire:armor_silver_metal_boots":1,"iammusicplayer:parabolic_antenna":1,"irons_spellbooks:keeper_flamberge":2,"minecraft:enchanting_table":1,"minecraft:dried_kelp":9,"simplyswords:iron_halberd":1,"minecraft:blue_bed":1,"sophisticatedbackpacks:gold_backpack":1,"minecraft:golden_apple":42,"minecraft:fermented_spider_eye":2,"minecraft:wooden_axe":2,"minecraft:iron_leggings":3,"minecraft:white_bed":2,"minecraft:note_block":4,"iceandfire:silver_pickaxe":1,"minecraft:oak_planks":404,"iammusicplayer:music_manager":1,"minecraft:cooked_chicken":1,"minecraft:cobblestone_stairs":4,"minecraft:stone":3,"born_in_chaos_v1:dark_metal_ingot":4,"minecraft:iron_boots":2,"justhammers:diamond_hammer":2,"minecraft:chest":5,"minecraft:oak_button":1,"born_in_chaos_v1:pileof_dark_metal":3,"minecraft:smoker":2,"sophisticatedbackpacks:backpack":1,"born_in_chaos_v1:smoked_fish":8,"minecraft:crafting_table":9,"minecraft:spruce_planks":20,"minecraft:wooden_pickaxe":1,"minecraft:baked_potato":593,"minecraft:iron_helmet":2,"minecraft:birch_planks":192,"minecraft:iron_chestplate":2,"minecraft:diamond_pickaxe":1,"minecraft:charcoal":236,"minecraft:shield":6,"sophisticatedbackpacks:diamond_backpack":1,"minecraft:stick":184,"minecraft:iron_ingot":168,"minecraft:stone_sword":2,"simplyswords:diamond_halberd":1,"born_in_chaos_v1:sharpened_dark_metal_sword":1,"iammusicplayer:cassette_deck":1,"minecraft:furnace":5,"minecraft:blast_furnace":1,"minecraft:glass_pane":16,"minecraft:flint_and_steel":1,"born_in_chaos_v1:bone_handle":1,"minecraft:iron_hoe":1,"minecraft:netherite_scrap":8,"sophisticatedbackpacks:iron_backpack":1,"minecraft:cooked_beef":29,"minecraft:sugar":2,"iceandfire:silver_ingot":10,"irons_spellbooks:arcane_salvage":12,"minecraft:iron_sword":1,"minecraft:bowl":4,"minecraft:bucket":1,"minecraft:stone_axe":2,"minecraft:air":0,"minecraft:blue_dye":1,"justhammers:iron_hammer":5,"minecraft:torch":444,"minecraft:diamond_chestplate":2},"minecraft:mined":{"minecraft:dark_oak_planks":1,"minecraft:white_bed":1,"irons_spellbooks:armor_pile":19,"minecraft:cherry_log":18,"minecraft:granite":1,"born_in_chaos_v1:dark_metal_deposit":7,"minecraft:deepslate_bricks":1,"minecraft:nether_wart":20,"minecraft:spawner":21,"minecraft:polished_blackstone_bricks":24,"minecraft:cobbled_deepslate":6,"minecraft:fire":14,"minecraft:barrel":5,"minecraft:deepslate_lapis_ore":8,"iceandfire:gold_pile":127,"minecraft:dirt_path":3,"minecraft:iron_block":2,"iceandfire:dread_stone_bricks_cracked":1,"minecraft:kelp_plant":4,"minecraft:crimson_nylium":7,"minecraft:soul_fire":13,"minecraft:amethyst_cluster":29,"born_in_chaos_v1:infected_deepslate_diamond_ore":9,"minecraft:torch":2,"minecraft:polished_andesite_stairs":1,"minecraft:sugar_cane":2,"born_in_chaos_v1:black_argillite_button":4,"minecraft:amethyst_block":1,"minecraft:chain":1,"minecraft:stone_brick_stairs":1,"minecraft:grass":39,"minecraft:smooth_quartz":25,"minecraft:red_mushroom_block":27,"born_in_chaos_v1:infernal_evil_pumpkin_s":1,"minecraft:deepslate":184,"minecraft:yellow_terracotta":2,"iceandfire:silver_ore":13,"minecraft:mossy_cobblestone":2,"minecraft:nether_bricks":60,"minecraft:kelp":9,"minecraft:green_terracotta":3,"minecraft:andesite":17,"minecraft:potatoes":291,"minecraft:bone_block":6,"minecraft:soul_sand":55,"iter_rpg:vase":1,"minecraft:tall_grass":8,"minecraft:deepslate_gold_ore":36,"minecraft:diorite":8,"minecraft:coarse_dirt":2,"minecraft:white_carpet":1,"minecraft:spruce_log":3,"minecraft:birch_leaves":11,"minecraft:gravel":9,"minecraft:cobweb":8,"minecraft:stone_bricks":15,"minecraft:fern":1,"minecraft:spruce_planks":1,"minecraft:cobbled_deepslate_stairs":5,"minecraft:cobblestone_stairs":6,"minecraft:brewing_stand":1,"minecraft:spruce_trapdoor":5,"minecraft:grass_block":75,"minecraft:cracked_polished_blackstone_bricks":21,"iceandfire:dread_spawner":2,"minecraft:soul_soil":36,"iammusicplayer:boombox":2,"minecraft:iron_ore":23,"born_in_chaos_v1:black_argillite_brick_slab":1,"minecraft:iron_bars":6,"iammusicplayer:music_manager":1,"minecraft:spruce_slab":5,"minecraft:deepslate_redstone_ore":3,"minecraft:blackstone":57,"minecraft:clay":1,"minecraft:calcite":3,"minecraft:potted_warped_roots":1,"minecraft:chest":6,"minecraft:mushroom_stem":4,"minecraft:nether_quartz_ore":1,"minecraft:cobblestone":78,"minecraft:grindstone":1,"minecraft:oak_planks":4,"minecraft:wall_torch":9,"minecraft:warped_nylium":2,"minecraft:dark_oak_slab":4,"minecraft:nether_wart_block":238,"born_in_chaos_v1:river_mint":5,"iceandfire:dread_stone_bricks_mossy":1,"minecraft:oak_log":565,"minecraft:lime_terracotta":11,"minecraft:sand":12,"minecraft:dirt":64,"minecraft:wither_skeleton_skull":2,"minecraft:netherrack":474,"minecraft:oak_leaves":57,"iceandfire:dread_stone_bricks":6,"minecraft:emerald_block":1,"iceandfire:chared_stone":7,"minecraft:tuff":19,"minecraft:dark_oak_leaves":2,"minecraft:deepslate_diamond_ore":86,"iammusicplayer:cassette_deck":3,"gravestone:gravestone":25,"minecraft:brown_mushroom_block":45,"minecraft:polished_andesite_slab":1,"iceandfire:chared_dirt":12,"iter_rpg:big_vase":1,"minecraft:infested_chiseled_stone_bricks":1,"minecraft:crimson_stem":41,"iceandfire:chared_grass":7,"minecraft:furnace":2,"iter_rpg:small_vase":1,"minecraft:gold_block":18,"minecraft:bookshelf":66,"minecraft:deepslate_iron_ore":38,"minecraft:shroomlight":6,"born_in_chaos_v1:black_argillite_column_slab_n":1,"minecraft:stone":445,"born_in_chaos_v1:marigolds":1,"minecraft:crafting_table":5,"born_in_chaos_v1:black_argillite_brick_n":6,"minecraft:lectern":1,"born_in_chaos_v1:chipped_black_argillite_brick":3,"farmersdelight:wild_beetroots":1,"minecraft:beehive":1,"iter_rpg:abyss_quartz":7,"minecraft:ice":2,"iceandfire:ash":5,"iter_rpg:spider_egg":1,"minecraft:coal_ore":85,"paraglider:goddess_statue":4},"minecraft:custom":{"minecraft:interact_with_crafting_table":149,"minecraft:open_barrel":258,"minecraft:leave_game":9,"minecraft:time_since_death":458463,"minecraft:damage_blocked_by_shield":12893,"minecraft:play_time":989469,"minecraft:deaths":29,"minecraft:jump":14931,"minecraft:enchant_item":3,"minecraft:interact_with_furnace":179,"minecraft:traded_with_villager":3,"minecraft:sleep_in_bed":24,"minecraft:waystone_activated":1,"minecraft:damage_dealt":130274,"minecraft:interact_with_smoker":130,"minecraft:damage_dealt_absorbed":1071,"minecraft:sneak_time":18376,"minecraft:interact_with_blast_furnace":21,"minecraft:total_world_time":989469,"minecraft:time_since_rest":47333,"minecraft:swim_one_cm":86082,"minecraft:fly_one_cm":2645142,"minecraft:open_chest":505,"minecraft:fall_one_cm":531179,"minecraft:sprint_one_cm":2011141,"minecraft:drop":413,"minecraft:talked_to_villager":4,"minecraft:interact_with_brewingstand":11,"minecraft:walk_on_water_one_cm":75434,"minecraft:player_kills":1,"minecraft:crouch_one_cm":52383,"minecraft:mob_kills":591,"minecraft:damage_dealt_resisted":15473,"minecraft:climb_one_cm":9555,"minecraft:walk_one_cm":2233542,"minecraft:walk_under_water_one_cm":29660,"minecraft:damage_taken":39355,"minecraft:damage_absorbed":2715},"minecraft:picked_up":{"iceandfire:dread_stone_bricks":5,"minecraft:seagrass":1,"minecraft:flower_pot":1,"minecraft:lead":2,"minecraft:enchanted_book":2,"minecraft:brewing_stand":1,"iter_rpg:unidentified_spell":1,"minecraft:amethyst_block":10,"minecraft:string":52,"paraglider:goddess_statue":4,"iceandfire:manuscript":1,"minecraft:soul_soil":25,"minecraft:diamond_leggings":2,"minecraft:gold_nugget":1317,"minecraft:cobbled_deepslate":2577,"minecraft:spruce_planks":2,"minecraft:mangrove_log":2,"minecraft:beehive":1,"born_in_chaos_v1:shattered_skull":6,"minecraft:acacia_log":2,"born_in_chaos_v1:pileof_dark_metal":3,"minecraft:cherry_log":19,"minecraft:green_terracotta":4,"minecraft:stone_sword":2,"minecraft:tropical_fish":1,"iceandfire:fire_dragon_heart":2,"minecraft:iron_block":2,"minecraft:blaze_rod":43,"minecraft:snowball":14,"minecraft:iron_bars":8,"minecraft:magma_block":5,"minecraft:feather":1,"born_in_chaos_v1:spiritual_dust":11,"minecraft:flint":1,"born_in_chaos_v1:black_argillite_button":1,"irons_spellbooks:keeper_flamberge":3,"iammusicplayer:cassette_deck":3,"born_in_chaos_v1:marigolds":1,"iammusicplayer:music_manager":1,"minecraft:diamond_helmet":2,"iceandfire:dragon_skull_fire":2,"minecraft:stripped_spruce_log":5,"sophisticatedbackpacks:iron_backpack":1,"minecraft:dark_oak_log":1,"minecraft:barrel":5,"minecraft:granite":56,"minecraft:chainmail_helmet":1,"born_in_chaos_v1:rotten_fish":14,"iceandfire:raw_silver":13,"minecraft:crafting_table":5,"minecraft:coarse_dirt":4,"minecraft:clay_ball":4,"iceandfire:witherbone":2,"minecraft:nether_wart":21,"born_in_chaos_v1:seedof_chaos":14,"irons_spellbooks:tarnished_helmet":1,"gravestone:obituary":10,"minecraft:netherite_scrap":14,"minecraft:white_carpet":2,"born_in_chaos_v1:intoxicating_decoction":4,"minecraft:cracked_stone_bricks":1,"minecraft:beef":26,"iceandfire:dread_knight_sword":1,"iceandfire:dread_shard":6,"born_in_chaos_v1:gnawed_bones":1,"minecraft:iron_nugget":504,"minecraft:spruce_slab":19,"minecraft:chest":5,"minecraft:egg":3,"born_in_chaos_v1:pieceofdarkmetal":22,"minecraft:carrot":2,"minecraft:redstone":142,"iceandfire:dragon_skull_ice":2,"minecraft:diamond_chestplate":1,"minecraft:beetroot_seeds":1,"minecraft:deepslate_bricks":6,"minecraft:diamond_boots":2,"minecraft:cracked_deepslate_bricks":2,"born_in_chaos_v1:spiny_shell":34,"minecraft:totem_of_undying":3,"sophisticatedbackpacks:copper_backpack":1,"minecraft:mutton":23,"minecraft:white_wool":12,"minecraft:rail":3,"born_in_chaos_v1:monster_flesh":5,"born_in_chaos_v1:pumpkin_staff":1,"minecraft:red_mushroom":2,"minecraft:oak_log":542,"iter_rpg:magmanum_chunk":2,"minecraft:ancient_debris":8,"iceandfire:dragonscales_blue":11,"minecraft:blue_bed":1,"born_in_chaos_v1:soul_cutlass":1,"minecraft:apple":30,"minecraft:stone_bricks":15,"minecraft:kelp":21,"born_in_chaos_v1:smoked_flesh":8,"minecraft:iron_sword":1,"minecraft:dark_oak_stairs":1,"minecraft:polished_andesite_stairs":4,"iceandfire:chared_stone":6,"minecraft:smooth_basalt":11,"minecraft:dark_oak_slab":4,"minecraft:sweet_berries":12,"born_in_chaos_v1:orbofthe_summoner":1,"born_in_chaos_v1:ethereal_spirit":11,"minecraft:gravel":3,"minecraft:spruce_sapling":1,"minecraft:spruce_log":4,"minecraft:crying_obsidian":7,"minecraft:slime_ball":3,"iceandfire:ice_dragon_flesh":1,"minecraft:warped_roots":1,"minecraft:baked_potato":60,"irons_spellbooks:scroll":1,"minecraft:chiseled_deepslate":2,"minecraft:stone_brick_stairs":3,"born_in_chaos_v1:holiday_candy":21,"minecraft:raw_copper":8,"irons_spellbooks:arcane_essence":11,"minecraft:bucket":1,"minecraft:calcite":16,"minecraft:smooth_quartz":24,"iceandfire:dragonscales_red":4,"minecraft:furnace":2,"minecraft:tipped_arrow":6,"iceandfire:pixie_dust":19,"minecraft:stick":117,"minecraft:torch":77,"minecraft:porkchop":22,"minecraft:diorite":4,"born_in_chaos_v1:nightmare_claw":2,"minecraft:rotten_flesh":82,"irons_spellbooks:arcane_debris":12,"minecraft:leather_horse_armor":1,"minecraft:obsidian":14,"iammusicplayer:boombox":2,"minecraft:cobblestone":1416,"minecraft:andesite":66,"minecraft:potato":1062,"paraglider:spirit_orb":42,"minecraft:tuff":282,"minecraft:wither_skeleton_skull":2,"minecraft:dirt":148,"skilltree:gem":48,"minecraft:lapis_lazuli":91,"born_in_chaos_v1:monster_skin":7,"minecraft:bone":91,"minecraft:bow":3,"minecraft:wheat_seeds":56,"minecraft:deepslate_brick_slab":2,"minecraft:raw_gold":74,"minecraft:grindstone":1,"minecraft:oak_planks":52,"irons_spellbooks:frozen_bone":21,"iter_rpg:spider_silk":1,"minecraft:poisonous_potato":5,"minecraft:sand":12,"minecraft:mossy_cobblestone":2,"irons_spellbooks:blaze_spell_book":1,"born_in_chaos_v1:fire_dust":1,"minecraft:diamond":173,"waystones:waystone":3,"iceandfire:dread_stone_bricks_mossy":1,"iter_rpg:abyssquartz_shard":11,"minecraft:cracked_polished_blackstone_bricks":21,"minecraft:crossbow":4,"minecraft:emerald":13,"minecraft:oak_sapling":188,"minecraft:netherrack":2796,"born_in_chaos_v1:diamond_termite_shard":18,"minecraft:splash_potion":1,"minecraft:chicken":1,"born_in_chaos_v1:river_mint":6,"minecraft:brown_mushroom":19,"minecraft:gold_block":20,"mowziesmobs:glowing_jelly":3,"minecraft:chain":5,"minecraft:shield":1,"iter_rpg:gist":3,"minecraft:blackstone":146,"minecraft:lectern":1,"minecraft:sugar_cane":4,"minecraft:phantom_membrane":1,"minecraft:spruce_trapdoor":5,"minecraft:raw_iron":103,"iceandfire:dragonbone":58,"minecraft:copper_ingot":6,"minecraft:bowl":3,"iceandfire:chared_grass":7,"minecraft:polished_blackstone_bricks":21,"iammusicplayer:cassette_tape":1,"minecraft:dark_oak_planks":14,"minecraft:arrow":46,"minecraft:nether_bricks":60,"iceandfire:chared_dirt":12,"mowziesmobs:ice_crystal":1,"born_in_chaos_v1:trident_hayfork":1,"born_in_chaos_v1:fused_bone":7,"born_in_chaos_v1:corpse_maggot":12,"minecraft:glow_ink_sac":1,"minecraft:crimson_stem":1,"minecraft:leather":17,"minecraft:birch_planks":2,"minecraft:mushroom_stew":1,"iceandfire:dread_stone_bricks_cracked":1,"minecraft:nether_wart_block":19,"minecraft:cobbled_deepslate_stairs":5,"minecraft:gunpowder":17,"minecraft:cobblestone_stairs":6,"minecraft:cooked_mutton":9,"minecraft:red_carpet":2,"minecraft:iron_ingot":2,"minecraft:cooked_chicken":2,"born_in_chaos_v1:chipped_black_argillite_brick":1,"minecraft:polished_andesite_slab":3,"irons_spellbooks:cinder_essence":24,"iceandfire:fire_dragon_flesh":11,"iter_rpg:deepslate_geode":1,"minecraft:soul_sand":58,"minecraft:book":197,"minecraft:emerald_block":1,"born_in_chaos_v1:lifestealer_bone":4,"iceandfire:ash":4,"minecraft:quartz":64,"born_in_chaos_v1:dark_rod":1,"minecraft:amethyst_shard":116,"minecraft:white_bed":1,"minecraft:spider_eye":15,"minecraft:pumpkin_seeds":67,"minecraft:chainmail_leggings":1,"minecraft:cherry_sapling":20,"minecraft:coal":117},"minecraft:killed":{"minecraft:cave_spider":10,"born_in_chaos_v1:mr_pumpkin":13,"born_in_chaos_v1:restless_spirit":11,"born_in_chaos_v1:zombie_lumberjack":3,"born_in_chaos_v1:door_knight_not_despawn":1,"born_in_chaos_v1:sir_the_headless":1,"born_in_chaos_v1:pumpkin_spirit":1,"mowziesmobs:frostmaw":1,"born_in_chaos_v1:siamese_skeletonsright":5,"born_in_chaos_v1:baby_skeleton_minion":4,"minecraft:skeleton":33,"minecraft:chicken":1,"born_in_chaos_v1:skeleton_thrasher":1,"iceandfire:dread_scuttler":2,"born_in_chaos_v1:supreme_bonescaller_stage_2":1,"minecraft:salmon":1,"minecraft:pillager":7,"minecraft:zombie":57,"born_in_chaos_v1:corpse_fly":6,"iceandfire:dread_ghoul":4,"born_in_chaos_v1:door_knight":2,"minecraft:cow":13,"minecraft:evoker":3,"minecraft:vindicator":27,"iceandfire:dread_beast":5,"born_in_chaos_v1:skeleton_thrasher_not_despawn":5,"born_in_chaos_v1:thornshell_crab":11,"iceandfire:dread_knight":17,"born_in_chaos_v1:barrel_zombie":3,"born_in_chaos_v1:spiritof_chaos":1,"born_in_chaos_v1:bone_imp_minion":5,"irons_spellbooks:citadel_keeper":19,"born_in_chaos_v1:decrepit_skeleton":12,"born_in_chaos_v1:bloody_gadfly":1,"born_in_chaos_v1:dark_vortex":1,"iter_rpg:giant_spider":1,"iceandfire:ice_dragon":1,"born_in_chaos_v1:lifestealer_true_form":1,"born_in_chaos_v1:zombie_clown":2,"minecraft:witch":1,"minecraft:spider":28,"minecraft:silverfish":1,"irons_spellbooks:summoned_skeleton":4,"minecraft:piglin_brute":2,"born_in_chaos_v1:firelight_not_despawn":4,"minecraft:piglin":12,"born_in_chaos_v1:bonescaller":3,"minecraft:pig":10,"minecraft:zombie_villager":1,"born_in_chaos_v1:diamond_termite":18,"iter_rpg:spiderling":8,"irons_spellbooks:necromancer":5,"minecraft:creeper":16,"minecraft:sheep":16,"mowziesmobs:lantern":3,"minecraft:trader_llama":1,"born_in_chaos_v1:zombie_fisherman":2,"born_in_chaos_v1:dread_hound":5,"minecraft:stray":12,"minecraft:ghast":1,"iceandfire:pixie":18,"minecraft:blaze":29,"born_in_chaos_v1:siamese_skeletonsleft":5,"minecraft:vex":2,"irons_spellbooks:summoned_zombie":7,"minecraft:slime":3,"born_in_chaos_v1:zombie_bruiser":4,"born_in_chaos_v1:maggot":23,"minecraft:phantom":1,"iceandfire:dread_thrall":20,"iceandfire:fire_dragon":2,"born_in_chaos_v1:siamese_skeletons":2,"born_in_chaos_v1:felsteed":1,"born_in_chaos_v1:baby_skeleton":7,"born_in_chaos_v1:bonescaller_not_despawn":1,"born_in_chaos_v1:nightmare_stalker":2,"minecraft:wither_skeleton":6},"minecraft:dropped":{"minecraft:crimson_stem":1,"minecraft:iron_sword":2,"minecraft:porkchop":4,"minecraft:lapis_lazuli":1,"minecraft:glow_ink_sac":1,"minecraft:dark_oak_slab":3,"minecraft:crossbow":3,"minecraft:warped_roots":1,"minecraft:cracked_stone_bricks":1,"born_in_chaos_v1:pieceofdarkmetal":4,"minecraft:rail":3,"minecraft:red_mushroom":2,"minecraft:red_carpet":2,"minecraft:dirt":55,"minecraft:chain":1,"minecraft:gold_nugget":2,"minecraft:bone":47,"minecraft:stone_axe":2,"minecraft:polished_andesite_slab":3,"minecraft:golden_chestplate":1,"minecraft:cobbled_deepslate":2313,"minecraft:deepslate_brick_slab":2,"minecraft:rotten_flesh":73,"minecraft:oak_planks":1,"justhammers:iron_hammer":5,"minecraft:chiseled_deepslate":1,"minecraft:tipped_arrow":1,"minecraft:spruce_slab":18,"iammusicplayer:cassette_tape":1,"minecraft:stone_brick_stairs":2,"iceandfire:manuscript":1,"minecraft:egg":2,"minecraft:iron_ingot":5,"born_in_chaos_v1:shattered_skull":1,"minecraft:wheat_seeds":55,"minecraft:cobbled_deepslate_stairs":61,"minecraft:iron_helmet":2,"minecraft:feather":1,"minecraft:cobblestone":553,"minecraft:granite":52,"minecraft:chainmail_helmet":1,"minecraft:coal":5,"minecraft:wooden_axe":1,"skilltree:gem":2,"minecraft:diamond_helmet":3,"minecraft:string":15,"minecraft:stone_sword":3,"minecraft:bowl":5,"born_in_chaos_v1:rotten_fish":2,"minecraft:chicken":1,"minecraft:white_carpet":1,"minecraft:clay_ball":4,"minecraft:iron_boots":1,"iceandfire:dragon_skull_ice":1,"minecraft:nether_bricks":3,"minecraft:pumpkin_seeds":38,"minecraft:potato":65,"minecraft:spruce_trapdoor":5,"minecraft:spruce_planks":1,"minecraft:spider_eye":4,"minecraft:stone_bricks":3,"sophisticatedbackpacks:copper_backpack":1,"minecraft:bow":3,"minecraft:magma_block":5,"minecraft:soul_sand":20,"minecraft:baked_potato":64,"iceandfire:chared_dirt":11,"minecraft:leather":5,"minecraft:seagrass":1,"minecraft:snowball":14,"gravestone:obituary":38,"iceandfire:ash":1,"minecraft:blackstone":74,"born_in_chaos_v1:fire_dust":1,"minecraft:cherry_sapling":10,"minecraft:mangrove_log":2,"minecraft:gunpowder":5,"born_in_chaos_v1:seedof_chaos":1,"minecraft:beetroot_seeds":1,"born_in_chaos_v1:corpse_maggot":6,"minecraft:iron_bars":4,"minecraft:arrow":40,"minecraft:quartz":64,"iceandfire:chared_grass":2,"minecraft:netherrack":2181,"justhammers:diamond_hammer":2,"minecraft:cherry_log":1,"minecraft:diamond_leggings":3,"minecraft:poisonous_potato":5,"minecraft:copper_ingot":9,"minecraft:tropical_fish":1,"minecraft:acacia_log":2,"minecraft:leather_horse_armor":1,"minecraft:torch":51,"minecraft:nether_wart_block":19,"minecraft:smooth_quartz":24,"born_in_chaos_v1:fused_bone":5,"minecraft:iron_leggings":2,"minecraft:polished_andesite_stairs":4,"minecraft:bucket":1,"minecraft:smooth_basalt":11,"minecraft:redstone":9,"minecraft:kelp":2,"minecraft:tuff":284,"iceandfire:witherbone":2,"born_in_chaos_v1:black_argillite_button":1,"minecraft:deepslate_bricks":6,"minecraft:shield":2,"minecraft:diamond_chestplate":2,"minecraft:iron_chestplate":1,"minecraft:andesite":1,"minecraft:oak_sapling":187,"minecraft:diamond_boots":3,"minecraft:stone_pickaxe":2,"minecraft:wooden_pickaxe":1,"minecraft:cracked_deepslate_bricks":2,"minecraft:calcite":8},"minecraft:broken":{"minecraft:diamond_helmet":1,"minecraft:iron_boots":1,"minecraft:iron_chestplate":1,"minecraft:iron_leggings":1,"simplyswords:iron_halberd":1,"minecraft:chainmail_leggings":1,"minecraft:stone_sword":1,"minecraft:shield":4,"minecraft:iron_pickaxe":1,"born_in_chaos_v1:spiny_shell_armor_chestplate":1,"minecraft:golden_helmet":1,"iceandfire:silver_pickaxe":1,"born_in_chaos_v1:spiny_shell_armor_helmet":1,"minecraft:diamond_boots":1,"minecraft:wooden_axe":1,"iceandfire:armor_silver_metal_boots":1,"farmersdelight:golden_knife":1}},"DataVersion":3465}