{"stats":{"minecraft:used":{"minecraft:stone_sword":89,"minecraft:spruce_slab":9,"minecraft:stone_pickaxe":19,"minecraft:oak_planks":19,"farmersdelight:golden_knife":2,"minecraft:spruce_planks":1,"minecraft:chest":3,"minecraft:wooden_pickaxe":26,"minecraft:shield":74,"minecraft:white_wool":2,"minecraft:dirt":4,"minecraft:crafting_table":6,"minecraft:white_bed":1,"minecraft:stripped_spruce_log":3,"minecraft:flower_pot":1,"born_in_chaos_v1:corpse_maggot":5,"minecraft:wooden_axe":73,"minecraft:bread":3,"born_in_chaos_v1:marigolds":1,"minecraft:stone_axe":17,"minecraft:golden_carrot":1,"minecraft:cobblestone":3,"minecraft:furnace":4,"minecraft:chain":1,"minecraft:cooked_beef":13},"minecraft:dropped":{"minecraft:stone_axe":1,"minecraft:kelp":2,"minecraft:wheat_seeds":4,"minecraft:stone_sword":1,"minecraft:warped_roots":1,"minecraft:tropical_fish":1,"minecraft:shield":1,"minecraft:wooden_axe":1,"minecraft:beetroot_seeds":1,"minecraft:chain":1,"gravestone:obituary":3,"minecraft:spruce_slab":8,"minecraft:stone_pickaxe":1,"minecraft:wooden_pickaxe":1},"minecraft:crafted":{"minecraft:cooked_beef":13,"minecraft:oak_planks":112,"minecraft:crafting_table":2,"minecraft:spruce_planks":20,"minecraft:wooden_pickaxe":1,"minecraft:furnace":2,"minecraft:stone_axe":2,"minecraft:air":0,"minecraft:shield":2,"minecraft:spruce_slab":12,"minecraft:stick":32,"minecraft:iron_ingot":2,"minecraft:stone_pickaxe":2,"minecraft:wooden_axe":2,"minecraft:stone_sword":2,"minecraft:white_bed":1},"minecraft:picked_up":{"born_in_chaos_v1:corpse_maggot":5,"minecraft:crafting_table":4,"minecraft:flower_pot":1,"born_in_chaos_v1:river_mint":6,"minecraft:leather":9,"minecraft:lead":2,"minecraft:mushroom_stew":1,"minecraft:potato":1,"paraglider:spirit_orb":8,"minecraft:oak_log":28,"minecraft:chain":3,"minecraft:dirt":16,"minecraft:string":11,"born_in_chaos_v1:marigolds":1,"minecraft:bone":13,"minecraft:apple":5,"minecraft:kelp":2,"minecraft:wheat_seeds":5,"minecraft:gold_nugget":2,"minecraft:spruce_planks":1,"born_in_chaos_v1:smoked_flesh":4,"minecraft:beef":15,"minecraft:spruce_slab":13,"minecraft:sugar_cane":4,"minecraft:chest":4,"minecraft:oak_planks":50,"minecraft:furnace":2,"minecraft:stick":11,"minecraft:raw_iron":2,"minecraft:dark_oak_slab":3,"born_in_chaos_v1:shattered_skull":1,"born_in_chaos_v1:ethereal_spirit":3,"born_in_chaos_v1:pileof_dark_metal":1,"minecraft:porkchop":4,"minecraft:stripped_spruce_log":5,"minecraft:spruce_log":3,"minecraft:carrot":2,"minecraft:spider_eye":2,"minecraft:arrow":7,"minecraft:rotten_flesh":9,"minecraft:tropical_fish":1,"minecraft:beetroot_seeds":1,"minecraft:warped_roots":1,"minecraft:leather_horse_armor":1,"minecraft:oak_sapling":11,"minecraft:mutton":6,"iceandfire:raw_silver":1,"minecraft:white_wool":5,"minecraft:cobblestone":35},"minecraft:broken":{"minecraft:shield":1,"minecraft:wooden_axe":1},"minecraft:custom":{"minecraft:interact_with_furnace":34,"minecraft:mob_kills":41,"minecraft:interact_with_crafting_table":23,"minecraft:open_barrel":37,"minecraft:damage_dealt_resisted":631,"minecraft:leave_game":1,"minecraft:time_since_death":12261,"minecraft:sleep_in_bed":1,"minecraft:time_since_rest":4185,"minecraft:sprint_one_cm":140626,"minecraft:damage_taken":2026,"minecraft:walk_one_cm":206760,"minecraft:damage_blocked_by_shield":1320,"minecraft:drop":20,"minecraft:damage_dealt":6712,"minecraft:damage_dealt_absorbed":41,"minecraft:swim_one_cm":2521,"minecraft:fly_one_cm":174699,"minecraft:open_chest":37,"minecraft:crouch_one_cm":983,"minecraft:play_time":65500,"minecraft:deaths":3,"minecraft:sneak_time":507,"minecraft:walk_under_water_one_cm":927,"minecraft:jump":1033,"minecraft:walk_on_water_one_cm":3258,"minecraft:total_world_time":65500,"minecraft:fall_one_cm":33687},"minecraft:killed":{"born_in_chaos_v1:barrel_zombie":1,"born_in_chaos_v1:zombie_clown":1,"minecraft:pig":2,"born_in_chaos_v1:restless_spirit":2,"born_in_chaos_v1:baby_skeleton":1,"minecraft:spider":4,"born_in_chaos_v1:skeleton_thrasher_not_despawn":1,"born_in_chaos_v1:decrepit_skeleton":2,"born_in_chaos_v1:maggot":8,"minecraft:skeleton":2,"minecraft:sheep":4,"minecraft:trader_llama":1,"minecraft:zombie":5,"minecraft:cow":7},"minecraft:mined":{"iceandfire:silver_ore":1,"born_in_chaos_v1:marigolds":1,"minecraft:crafting_table":4,"gravestone:gravestone":3,"minecraft:grass_block":6,"minecraft:chest":4,"minecraft:potted_warped_roots":1,"minecraft:tall_grass":4,"minecraft:oak_planks":2,"minecraft:sugar_cane":2,"minecraft:spawner":4,"farmersdelight:wild_beetroots":1,"minecraft:dark_oak_slab":3,"minecraft:furnace":2,"minecraft:iron_ore":2,"minecraft:birch_leaves":1,"minecraft:spruce_log":3,"born_in_chaos_v1:river_mint":5,"minecraft:grass":10,"minecraft:oak_log":28,"minecraft:dirt":10,"minecraft:cobweb":4,"minecraft:stone":35,"minecraft:spruce_slab":3,"minecraft:oak_leaves":14},"minecraft:killed_by":{"born_in_chaos_v1:restless_spirit":2,"born_in_chaos_v1:nightmare_stalker":1}},"DataVersion":3465}