{"stats":{"minecraft:crafted":{"minecraft:oak_planks":72,"minecraft:crafting_table":1,"minecraft:stick":4,"minecraft:wooden_pickaxe":1,"minecraft:stone_pickaxe":1,"minecraft:wooden_axe":2,"minecraft:furnace":2,"minecraft:air":0,"minecraft:cooked_beef":13},"minecraft:dropped":{"minecraft:kelp":2,"minecraft:wheat_seeds":4,"minecraft:beetroot_seeds":1,"minecraft:tropical_fish":1},"minecraft:used":{"born_in_chaos_v1:corpse_maggot":5,"minecraft:wooden_axe":73,"minecraft:wooden_pickaxe":26,"born_in_chaos_v1:marigolds":1,"minecraft:white_wool":2,"minecraft:dirt":1,"minecraft:crafting_table":3,"minecraft:furnace":2,"minecraft:cooked_beef":2},"minecraft:picked_up":{"born_in_chaos_v1:corpse_maggot":5,"minecraft:stick":11,"minecraft:crafting_table":2,"born_in_chaos_v1:river_mint":6,"minecraft:leather":5,"minecraft:potato":1,"minecraft:porkchop":4,"minecraft:oak_log":28,"minecraft:dirt":13,"born_in_chaos_v1:marigolds":1,"minecraft:rotten_flesh":3,"minecraft:tropical_fish":1,"minecraft:kelp":2,"minecraft:beetroot_seeds":1,"minecraft:wheat_seeds":4,"minecraft:gold_nugget":2,"minecraft:beef":10,"minecraft:oak_sapling":9,"minecraft:furnace":1,"minecraft:oak_planks":20,"minecraft:mutton":6,"minecraft:white_wool":5,"minecraft:cobblestone":25},"minecraft:broken":{"minecraft:wooden_axe":1},"minecraft:custom":{"minecraft:time_since_rest":24303,"minecraft:interact_with_furnace":22,"minecraft:sprint_one_cm":35855,"minecraft:walk_one_cm":58289,"minecraft:damage_taken":155,"minecraft:mob_kills":26,"minecraft:drop":7,"minecraft:damage_dealt":3065,"minecraft:interact_with_crafting_table":8,"minecraft:fly_one_cm":81448,"minecraft:crouch_one_cm":106,"minecraft:play_time":24303,"minecraft:sneak_time":42,"minecraft:walk_under_water_one_cm":444,"minecraft:jump":403,"minecraft:walk_on_water_one_cm":1665,"minecraft:time_since_death":24303,"minecraft:total_world_time":24303,"minecraft:fall_one_cm":14790},"minecraft:killed":{"born_in_chaos_v1:barrel_zombie":1,"minecraft:sheep":4,"born_in_chaos_v1:zombie_clown":1,"minecraft:zombie":4,"minecraft:pig":2,"minecraft:spider":1,"minecraft:cow":5,"born_in_chaos_v1:maggot":8},"minecraft:mined":{"farmersdelight:wild_beetroots":1,"minecraft:furnace":1,"born_in_chaos_v1:marigolds":1,"born_in_chaos_v1:river_mint":5,"minecraft:crafting_table":2,"minecraft:grass":9,"minecraft:grass_block":4,"minecraft:oak_log":28,"minecraft:dirt":9,"minecraft:tall_grass":2,"minecraft:stone":25,"minecraft:oak_leaves":1}},"DataVersion":3465}