{"stats":{"minecraft:killed_by":{"born_in_chaos_v1:nightmare_stalker":1,"minecraft:vindicator":1,"minecraft:vex":4,"born_in_chaos_v1:restless_spirit":2,"iceandfire:ghost":1,"iceandfire:dread_ghoul":3,"born_in_chaos_v1:diamond_termite":1,"minecraft:cave_spider":4,"born_in_chaos_v1:supreme_bonescaller_stage_2":1,"iceandfire:fire_dragon":1,"minecraft:player":1,"iceandfire:dread_scuttler":1,"iceandfire:dread_knight":1,"irons_spellbooks:necromancer":1,"minecraft:skeleton":2},"minecraft:used":{"minecraft:chiseled_deepslate":1,"minecraft:spruce_slab":9,"sophisticatedbackpacks:copper_backpack":1,"minecraft:chest":7,"minecraft:soul_sand":28,"iammusicplayer:boombox":3,"born_in_chaos_v1:soul_cutlass":18,"minecraft:stripped_spruce_log":3,"born_in_chaos_v1:smoked_flesh":8,"born_in_chaos_v1:sharpened_dark_metal_sword":184,"born_in_chaos_v1:spiny_shell_armor_chestplate":1,"minecraft:dark_oak_slab":1,"minecraft:stone_brick_stairs":1,"minecraft:bow":5,"iceandfire:chared_stone":6,"minecraft:sweet_berries":13,"minecraft:furnace":4,"minecraft:oak_sapling":1,"minecraft:egg":1,"minecraft:potato":304,"born_in_chaos_v1:spiny_shell_armor_helmet":1,"minecraft:diorite":4,"minecraft:blackstone":59,"minecraft:wooden_pickaxe":26,"iceandfire:dread_stone_bricks":4,"minecraft:golden_apple":4,"iceandfire:armor_silver_metal_boots":1,"minecraft:blast_furnace":1,"simplyswords:iron_halberd":308,"born_in_chaos_v1:holiday_candy":2,"justhammers:netherite_hammer":141,"iceandfire:silver_pickaxe":462,"minecraft:smithing_table":1,"minecraft:stone_sword":126,"born_in_chaos_v1:smoked_fish":8,"minecraft:netherrack":127,"minecraft:torch":457,"born_in_chaos_v1:chipped_black_argillite_brick":1,"minecraft:totem_of_undying":2,"minecraft:barrel":4,"minecraft:diamond_chestplate":1,"minecraft:goat_horn":1,"minecraft:cobbled_deepslate":155,"minecraft:calcite":8,"minecraft:water_bucket":100,"minecraft:birch_planks":2,"farmersdelight:golden_knife":32,"minecraft:polished_blackstone_bricks":21,"iceandfire:chared_dirt":1,"minecraft:mossy_cobblestone":2,"minecraft:crafting_table":13,"justhammers:diamond_hammer":1046,"minecraft:white_bed":2,"justhammers:iron_hammer":519,"minecraft:diamond_pickaxe":776,"minecraft:diamond_shovel":89,"minecraft:iron_pickaxe":250,"enchantinginfuser:enchanting_infuser":1,"minecraft:cobblestone":324,"minecraft:cooked_porkchop":8,"minecraft:kelp":11,"minecraft:diamond_leggings":1,"iceandfire:dread_stone_bricks_cracked":1,"minecraft:shield":249,"paraglider:goddess_statue":4,"minecraft:beehive":1,"minecraft:obsidian":10,"born_in_chaos_v1:corpse_maggot":5,"minecraft:iron_helmet":1,"minecraft:dark_oak_stairs":1,"minecraft:diamond_boots":1,"iammusicplayer:cassette_deck":4,"minecraft:stone_pickaxe":91,"minecraft:oak_planks":19,"simplyswords:diamond_halberd":213,"minecraft:blue_bed":1,"minecraft:diamond_axe":310,"iammusicplayer:music_manager":2,"minecraft:white_wool":2,"minecraft:mushroom_stew":1,"iceandfire:silver_axe":385,"minecraft:cobbled_deepslate_stairs":104,"waystones:waystone":1,"minecraft:dark_oak_log":1,"minecraft:bread":5,"born_in_chaos_v1:marigolds":1,"minecraft:gravel":3,"born_in_chaos_v1:smoked_monster_flesh":7,"minecraft:andesite":2,"minecraft:chain":3,"minecraft:coarse_dirt":4,"minecraft:bone_meal":205,"minecraft:flint_and_steel":1,"minecraft:spruce_planks":1,"minecraft:cooked_chicken":3,"minecraft:dirt":73,"minecraft:diamond_helmet":1,"minecraft:iron_hoe":44,"minecraft:wooden_axe":73,"minecraft:bookshelf":20,"minecraft:golden_carrot":4,"minecraft:soul_soil":25,"minecraft:cooked_beef":29,"minecraft:iron_leggings":1,"born_in_chaos_v1:trident_hayfork":245,"minecraft:cooked_mutton":26,"minecraft:cobblestone_stairs":10,"minecraft:baked_potato":331,"iceandfire:dread_stone_bricks_mossy":1,"minecraft:smoker":2,"minecraft:flower_pot":1,"iceandfire:ambrosia":19,"minecraft:cracked_polished_blackstone_bricks":21,"iceandfire:ash":3,"minecraft:stone_axe":20,"iceandfire:chared_grass":5,"minecraft:bucket":101,"minecraft:chainmail_leggings":1},"minecraft:crafted":{"justhammers:netherite_hammer":1,"minecraft:smooth_stone":3,"iammusicplayer:boombox":1,"born_in_chaos_v1:spiny_shell_armor_chestplate":1,"iter_rpg:abyssquartz_capacitator":1,"minecraft:bookshelf":20,"minecraft:cooked_mutton":17,"minecraft:glass":6,"minecraft:diamond_helmet":2,"minecraft:diamond_leggings":2,"sophisticatedbackpacks:copper_backpack":1,"iceandfire:ambrosia":19,"iceandfire:silver_axe":1,"minecraft:emerald":9,"minecraft:diamond_axe":1,"minecraft:cooked_porkchop":8,"enchantinginfuser:enchanting_infuser":1,"iammusicplayer:cassette_tape":9,"minecraft:smithing_table":1,"minecraft:iron_block":1,"minecraft:gold_ingot":402,"minecraft:netherite_ingot":3,"minecraft:jukebox":2,"minecraft:iron_nugget":18,"minecraft:bone_meal":267,"born_in_chaos_v1:smoked_monster_flesh":7,"born_in_chaos_v1:spiny_shell_armor_helmet":1,"minecraft:spruce_slab":12,"minecraft:stone_pickaxe":2,"minecraft:diamond_boots":2,"minecraft:cobbled_deepslate_stairs":160,"minecraft:redstone_block":1,"iceandfire:armor_silver_metal_boots":1,"iammusicplayer:parabolic_antenna":1,"irons_spellbooks:keeper_flamberge":2,"minecraft:enchanting_table":1,"minecraft:dried_kelp":9,"simplyswords:iron_halberd":1,"minecraft:blue_bed":1,"sophisticatedbackpacks:gold_backpack":1,"minecraft:golden_apple":9,"minecraft:wooden_axe":2,"minecraft:iron_leggings":3,"minecraft:white_bed":2,"minecraft:note_block":4,"iceandfire:silver_pickaxe":1,"minecraft:oak_planks":404,"iammusicplayer:music_manager":1,"minecraft:cooked_chicken":1,"minecraft:stone":3,"minecraft:cobblestone_stairs":4,"born_in_chaos_v1:dark_metal_ingot":4,"minecraft:iron_boots":2,"justhammers:diamond_hammer":2,"minecraft:chest":5,"minecraft:oak_button":1,"born_in_chaos_v1:pileof_dark_metal":3,"minecraft:smoker":2,"sophisticatedbackpacks:backpack":1,"born_in_chaos_v1:smoked_fish":8,"minecraft:crafting_table":8,"minecraft:spruce_planks":20,"minecraft:wooden_pickaxe":1,"minecraft:baked_potato":458,"minecraft:iron_helmet":2,"minecraft:birch_planks":192,"minecraft:iron_chestplate":2,"minecraft:diamond_pickaxe":1,"minecraft:charcoal":236,"minecraft:shield":6,"sophisticatedbackpacks:diamond_backpack":1,"minecraft:stick":184,"minecraft:iron_ingot":126,"minecraft:stone_sword":2,"simplyswords:diamond_halberd":1,"born_in_chaos_v1:sharpened_dark_metal_sword":1,"iammusicplayer:cassette_deck":1,"minecraft:furnace":5,"minecraft:blast_furnace":1,"minecraft:glass_pane":16,"minecraft:flint_and_steel":1,"born_in_chaos_v1:bone_handle":1,"minecraft:iron_hoe":1,"sophisticatedbackpacks:iron_backpack":1,"minecraft:cooked_beef":29,"iceandfire:silver_ingot":10,"irons_spellbooks:arcane_salvage":12,"minecraft:iron_sword":1,"minecraft:bowl":4,"minecraft:bucket":1,"minecraft:stone_axe":2,"minecraft:air":0,"minecraft:blue_dye":1,"justhammers:iron_hammer":5,"minecraft:torch":444,"minecraft:diamond_chestplate":2},"minecraft:mined":{"minecraft:dark_oak_planks":1,"minecraft:white_bed":1,"irons_spellbooks:armor_pile":19,"minecraft:cherry_log":18,"minecraft:granite":1,"born_in_chaos_v1:dark_metal_deposit":7,"minecraft:deepslate_bricks":1,"minecraft:spawner":18,"minecraft:polished_blackstone_bricks":24,"minecraft:cobbled_deepslate":6,"minecraft:fire":8,"minecraft:barrel":4,"minecraft:deepslate_lapis_ore":8,"iceandfire:gold_pile":127,"minecraft:dirt_path":3,"minecraft:iron_block":2,"iceandfire:dread_stone_bricks_cracked":1,"minecraft:kelp_plant":4,"minecraft:crimson_nylium":7,"minecraft:soul_fire":13,"minecraft:amethyst_cluster":29,"born_in_chaos_v1:infected_deepslate_diamond_ore":9,"minecraft:torch":2,"minecraft:polished_andesite_stairs":1,"minecraft:sugar_cane":2,"born_in_chaos_v1:black_argillite_button":4,"minecraft:amethyst_block":1,"minecraft:chain":1,"minecraft:stone_brick_stairs":1,"minecraft:grass":35,"born_in_chaos_v1:infernal_evil_pumpkin_s":1,"minecraft:deepslate":184,"iceandfire:silver_ore":13,"minecraft:mossy_cobblestone":2,"minecraft:kelp":9,"minecraft:andesite":16,"minecraft:potatoes":234,"minecraft:bone_block":6,"minecraft:soul_sand":55,"iter_rpg:vase":1,"minecraft:tall_grass":8,"minecraft:deepslate_gold_ore":36,"minecraft:diorite":8,"minecraft:coarse_dirt":2,"minecraft:spruce_log":3,"minecraft:birch_leaves":9,"minecraft:gravel":9,"minecraft:cobweb":6,"minecraft:stone_bricks":1,"minecraft:fern":1,"minecraft:cobbled_deepslate_stairs":5,"minecraft:cobblestone_stairs":6,"minecraft:spruce_trapdoor":5,"minecraft:grass_block":72,"minecraft:cracked_polished_blackstone_bricks":21,"iceandfire:dread_spawner":2,"minecraft:soul_soil":36,"iammusicplayer:boombox":2,"minecraft:iron_ore":23,"iammusicplayer:music_manager":1,"minecraft:spruce_slab":3,"minecraft:deepslate_redstone_ore":3,"minecraft:blackstone":29,"minecraft:calcite":3,"minecraft:potted_warped_roots":1,"minecraft:chest":6,"minecraft:cobblestone":41,"minecraft:grindstone":1,"minecraft:oak_planks":2,"minecraft:wall_torch":9,"minecraft:dark_oak_slab":4,"minecraft:nether_wart_block":238,"born_in_chaos_v1:river_mint":5,"iceandfire:dread_stone_bricks_mossy":1,"minecraft:oak_log":296,"minecraft:sand":6,"minecraft:dirt":64,"minecraft:wither_skeleton_skull":2,"minecraft:netherrack":390,"minecraft:oak_leaves":55,"iceandfire:dread_stone_bricks":6,"minecraft:emerald_block":1,"iceandfire:chared_stone":7,"minecraft:tuff":19,"minecraft:dark_oak_leaves":2,"minecraft:deepslate_diamond_ore":86,"iammusicplayer:cassette_deck":3,"gravestone:gravestone":25,"minecraft:polished_andesite_slab":1,"iceandfire:chared_dirt":12,"iter_rpg:big_vase":1,"minecraft:crimson_stem":41,"iceandfire:chared_grass":7,"minecraft:furnace":2,"iter_rpg:small_vase":1,"minecraft:gold_block":18,"minecraft:bookshelf":66,"minecraft:deepslate_iron_ore":38,"minecraft:shroomlight":6,"born_in_chaos_v1:black_argillite_column_slab_n":1,"minecraft:stone":380,"born_in_chaos_v1:marigolds":1,"minecraft:crafting_table":5,"born_in_chaos_v1:black_argillite_brick_n":6,"minecraft:lectern":1,"born_in_chaos_v1:chipped_black_argillite_brick":2,"farmersdelight:wild_beetroots":1,"minecraft:beehive":1,"iter_rpg:abyss_quartz":7,"minecraft:ice":1,"iceandfire:ash":5,"iter_rpg:spider_egg":1,"minecraft:coal_ore":85,"paraglider:goddess_statue":4},"minecraft:custom":{"minecraft:interact_with_crafting_table":134,"minecraft:open_barrel":216,"minecraft:leave_game":8,"minecraft:time_since_death":308771,"minecraft:damage_blocked_by_shield":11280,"minecraft:play_time":839777,"minecraft:deaths":29,"minecraft:jump":12570,"minecraft:enchant_item":3,"minecraft:interact_with_furnace":169,"minecraft:sleep_in_bed":21,"minecraft:waystone_activated":1,"minecraft:damage_dealt":108856,"minecraft:interact_with_smoker":105,"minecraft:damage_dealt_absorbed":191,"minecraft:sneak_time":15624,"minecraft:interact_with_blast_furnace":17,"minecraft:total_world_time":839777,"minecraft:time_since_rest":78032,"minecraft:swim_one_cm":75484,"minecraft:fly_one_cm":2263576,"minecraft:open_chest":417,"minecraft:fall_one_cm":475690,"minecraft:sprint_one_cm":1691806,"minecraft:drop":327,"minecraft:walk_on_water_one_cm":70409,"minecraft:player_kills":1,"minecraft:crouch_one_cm":45451,"minecraft:mob_kills":502,"minecraft:damage_dealt_resisted":10444,"minecraft:climb_one_cm":2302,"minecraft:walk_one_cm":1890805,"minecraft:walk_under_water_one_cm":27067,"minecraft:damage_taken":32860,"minecraft:damage_absorbed":2415},"minecraft:picked_up":{"iceandfire:dread_stone_bricks":5,"minecraft:seagrass":1,"minecraft:flower_pot":1,"minecraft:lead":2,"iter_rpg:unidentified_spell":1,"minecraft:amethyst_block":10,"minecraft:string":50,"paraglider:goddess_statue":4,"iceandfire:manuscript":1,"minecraft:soul_soil":25,"minecraft:diamond_leggings":2,"minecraft:gold_nugget":1317,"minecraft:cobbled_deepslate":2577,"minecraft:spruce_planks":1,"minecraft:beehive":1,"born_in_chaos_v1:shattered_skull":5,"born_in_chaos_v1:pileof_dark_metal":3,"minecraft:cherry_log":19,"minecraft:tropical_fish":1,"iceandfire:fire_dragon_heart":2,"minecraft:iron_block":2,"minecraft:iron_bars":2,"minecraft:magma_block":5,"minecraft:feather":1,"born_in_chaos_v1:spiritual_dust":11,"minecraft:flint":1,"born_in_chaos_v1:black_argillite_button":1,"irons_spellbooks:keeper_flamberge":3,"iammusicplayer:cassette_deck":3,"born_in_chaos_v1:marigolds":1,"iammusicplayer:music_manager":1,"minecraft:diamond_helmet":2,"iceandfire:dragon_skull_fire":2,"minecraft:stripped_spruce_log":5,"sophisticatedbackpacks:iron_backpack":1,"minecraft:dark_oak_log":1,"minecraft:barrel":4,"minecraft:granite":1,"minecraft:chainmail_helmet":1,"born_in_chaos_v1:rotten_fish":12,"iceandfire:raw_silver":13,"minecraft:crafting_table":5,"minecraft:coarse_dirt":4,"born_in_chaos_v1:seedof_chaos":14,"irons_spellbooks:tarnished_helmet":1,"gravestone:obituary":10,"minecraft:netherite_scrap":14,"minecraft:white_carpet":1,"born_in_chaos_v1:intoxicating_decoction":4,"minecraft:cracked_stone_bricks":1,"minecraft:beef":26,"iceandfire:dread_knight_sword":1,"iceandfire:dread_shard":6,"born_in_chaos_v1:gnawed_bones":1,"minecraft:iron_nugget":504,"minecraft:spruce_slab":13,"minecraft:chest":5,"minecraft:egg":3,"born_in_chaos_v1:pieceofdarkmetal":20,"minecraft:carrot":2,"minecraft:redstone":142,"iceandfire:dragon_skull_ice":1,"minecraft:diamond_chestplate":1,"minecraft:beetroot_seeds":1,"minecraft:deepslate_bricks":6,"minecraft:diamond_boots":2,"minecraft:cracked_deepslate_bricks":2,"born_in_chaos_v1:spiny_shell":28,"minecraft:totem_of_undying":3,"sophisticatedbackpacks:copper_backpack":1,"minecraft:mutton":23,"minecraft:white_wool":12,"minecraft:rail":3,"born_in_chaos_v1:monster_flesh":5,"born_in_chaos_v1:pumpkin_staff":1,"minecraft:oak_log":287,"minecraft:ancient_debris":1,"born_in_chaos_v1:soul_cutlass":1,"minecraft:apple":16,"minecraft:stone_bricks":2,"minecraft:kelp":21,"born_in_chaos_v1:smoked_flesh":8,"minecraft:iron_sword":1,"minecraft:dark_oak_stairs":1,"minecraft:polished_andesite_stairs":4,"iceandfire:chared_stone":6,"minecraft:smooth_basalt":11,"minecraft:dark_oak_slab":4,"minecraft:sweet_berries":12,"born_in_chaos_v1:orbofthe_summoner":1,"born_in_chaos_v1:ethereal_spirit":11,"minecraft:gravel":3,"minecraft:spruce_log":3,"minecraft:crying_obsidian":7,"minecraft:warped_roots":1,"minecraft:baked_potato":60,"irons_spellbooks:scroll":1,"minecraft:chiseled_deepslate":2,"minecraft:stone_brick_stairs":3,"born_in_chaos_v1:holiday_candy":21,"irons_spellbooks:arcane_essence":11,"minecraft:bucket":1,"minecraft:calcite":16,"iceandfire:dragonscales_red":4,"minecraft:furnace":2,"minecraft:tipped_arrow":5,"iceandfire:pixie_dust":19,"minecraft:stick":68,"minecraft:torch":77,"minecraft:porkchop":22,"minecraft:diorite":4,"born_in_chaos_v1:nightmare_claw":1,"minecraft:rotten_flesh":75,"irons_spellbooks:arcane_debris":12,"minecraft:leather_horse_armor":1,"minecraft:obsidian":14,"iammusicplayer:boombox":2,"minecraft:cobblestone":480,"minecraft:andesite":15,"minecraft:potato":800,"paraglider:spirit_orb":36,"minecraft:tuff":282,"minecraft:dirt":134,"minecraft:wither_skeleton_skull":2,"skilltree:gem":48,"minecraft:lapis_lazuli":91,"born_in_chaos_v1:monster_skin":5,"minecraft:bone":75,"minecraft:bow":3,"minecraft:wheat_seeds":55,"minecraft:deepslate_brick_slab":2,"minecraft:raw_gold":74,"minecraft:grindstone":1,"minecraft:oak_planks":50,"irons_spellbooks:frozen_bone":18,"iter_rpg:spider_silk":1,"minecraft:poisonous_potato":4,"minecraft:sand":6,"minecraft:mossy_cobblestone":2,"born_in_chaos_v1:fire_dust":1,"minecraft:diamond":173,"waystones:waystone":3,"iceandfire:dread_stone_bricks_mossy":1,"iter_rpg:abyssquartz_shard":11,"minecraft:cracked_polished_blackstone_bricks":21,"minecraft:crossbow":4,"minecraft:emerald":13,"minecraft:oak_sapling":100,"minecraft:netherrack":2649,"born_in_chaos_v1:diamond_termite_shard":18,"minecraft:chicken":1,"born_in_chaos_v1:river_mint":6,"minecraft:gold_block":20,"mowziesmobs:glowing_jelly":3,"minecraft:chain":5,"minecraft:shield":1,"iter_rpg:gist":3,"minecraft:blackstone":102,"minecraft:lectern":1,"minecraft:sugar_cane":4,"minecraft:spruce_trapdoor":5,"minecraft:raw_iron":103,"iceandfire:dragonbone":51,"minecraft:copper_ingot":6,"minecraft:bowl":3,"iceandfire:chared_grass":7,"minecraft:polished_blackstone_bricks":21,"iammusicplayer:cassette_tape":1,"minecraft:dark_oak_planks":14,"minecraft:arrow":39,"iceandfire:chared_dirt":12,"born_in_chaos_v1:trident_hayfork":1,"born_in_chaos_v1:fused_bone":5,"born_in_chaos_v1:corpse_maggot":9,"minecraft:glow_ink_sac":1,"minecraft:crimson_stem":1,"minecraft:leather":17,"minecraft:birch_planks":2,"minecraft:mushroom_stew":1,"iceandfire:dread_stone_bricks_cracked":1,"minecraft:nether_wart_block":19,"minecraft:cobbled_deepslate_stairs":5,"minecraft:gunpowder":14,"minecraft:cobblestone_stairs":6,"minecraft:cooked_mutton":9,"minecraft:red_carpet":2,"minecraft:iron_ingot":1,"born_in_chaos_v1:chipped_black_argillite_brick":1,"minecraft:cooked_chicken":2,"minecraft:polished_andesite_slab":3,"irons_spellbooks:cinder_essence":24,"iceandfire:fire_dragon_flesh":11,"iter_rpg:deepslate_geode":1,"minecraft:soul_sand":58,"minecraft:book":197,"minecraft:emerald_block":1,"born_in_chaos_v1:lifestealer_bone":4,"iceandfire:ash":4,"minecraft:quartz":2,"born_in_chaos_v1:dark_rod":1,"minecraft:amethyst_shard":116,"minecraft:white_bed":1,"minecraft:spider_eye":13,"minecraft:pumpkin_seeds":67,"minecraft:chainmail_leggings":1,"minecraft:cherry_sapling":20,"minecraft:coal":97},"minecraft:killed":{"minecraft:cave_spider":8,"born_in_chaos_v1:mr_pumpkin":13,"born_in_chaos_v1:restless_spirit":11,"born_in_chaos_v1:zombie_lumberjack":1,"born_in_chaos_v1:door_knight_not_despawn":1,"born_in_chaos_v1:sir_the_headless":1,"born_in_chaos_v1:pumpkin_spirit":1,"born_in_chaos_v1:siamese_skeletonsright":4,"born_in_chaos_v1:baby_skeleton_minion":4,"minecraft:skeleton":24,"minecraft:chicken":1,"born_in_chaos_v1:skeleton_thrasher":1,"iceandfire:dread_scuttler":2,"born_in_chaos_v1:supreme_bonescaller_stage_2":1,"minecraft:salmon":1,"minecraft:pillager":7,"minecraft:zombie":49,"born_in_chaos_v1:corpse_fly":5,"iceandfire:dread_ghoul":4,"born_in_chaos_v1:door_knight":1,"minecraft:cow":12,"minecraft:evoker":3,"minecraft:vindicator":27,"iceandfire:dread_beast":5,"born_in_chaos_v1:skeleton_thrasher_not_despawn":3,"born_in_chaos_v1:thornshell_crab":9,"iceandfire:dread_knight":17,"born_in_chaos_v1:barrel_zombie":3,"born_in_chaos_v1:spiritof_chaos":1,"born_in_chaos_v1:bone_imp_minion":5,"irons_spellbooks:citadel_keeper":19,"born_in_chaos_v1:decrepit_skeleton":11,"born_in_chaos_v1:bloody_gadfly":1,"born_in_chaos_v1:dark_vortex":1,"iter_rpg:giant_spider":1,"born_in_chaos_v1:lifestealer_true_form":1,"born_in_chaos_v1:zombie_clown":2,"minecraft:witch":1,"minecraft:spider":28,"irons_spellbooks:summoned_skeleton":4,"minecraft:piglin_brute":2,"born_in_chaos_v1:firelight_not_despawn":2,"minecraft:piglin":12,"minecraft:pig":10,"born_in_chaos_v1:bonescaller":3,"minecraft:zombie_villager":1,"born_in_chaos_v1:diamond_termite":18,"iter_rpg:spiderling":8,"irons_spellbooks:necromancer":5,"minecraft:creeper":13,"minecraft:sheep":16,"mowziesmobs:lantern":3,"minecraft:trader_llama":1,"born_in_chaos_v1:zombie_fisherman":2,"born_in_chaos_v1:dread_hound":5,"minecraft:stray":11,"minecraft:ghast":1,"iceandfire:pixie":18,"born_in_chaos_v1:siamese_skeletonsleft":4,"minecraft:vex":2,"irons_spellbooks:summoned_zombie":7,"born_in_chaos_v1:zombie_bruiser":2,"born_in_chaos_v1:maggot":20,"iceandfire:dread_thrall":20,"iceandfire:fire_dragon":2,"born_in_chaos_v1:siamese_skeletons":2,"born_in_chaos_v1:felsteed":1,"born_in_chaos_v1:baby_skeleton":5,"born_in_chaos_v1:bonescaller_not_despawn":1,"born_in_chaos_v1:nightmare_stalker":1},"minecraft:dropped":{"minecraft:crimson_stem":1,"minecraft:iron_sword":2,"minecraft:lapis_lazuli":1,"minecraft:dark_oak_slab":3,"minecraft:crossbow":3,"minecraft:warped_roots":1,"minecraft:cracked_stone_bricks":1,"born_in_chaos_v1:pieceofdarkmetal":4,"minecraft:rail":3,"minecraft:red_carpet":2,"minecraft:dirt":55,"minecraft:chain":1,"minecraft:gold_nugget":2,"minecraft:bone":39,"minecraft:stone_axe":2,"minecraft:polished_andesite_slab":3,"minecraft:cobbled_deepslate":2313,"minecraft:deepslate_brick_slab":2,"minecraft:rotten_flesh":66,"minecraft:oak_planks":1,"justhammers:iron_hammer":5,"minecraft:chiseled_deepslate":1,"minecraft:spruce_slab":16,"iammusicplayer:cassette_tape":1,"minecraft:stone_brick_stairs":2,"iceandfire:manuscript":1,"minecraft:egg":2,"minecraft:iron_ingot":4,"minecraft:wheat_seeds":54,"minecraft:cobbled_deepslate_stairs":61,"minecraft:feather":1,"minecraft:iron_helmet":2,"minecraft:cobblestone":137,"minecraft:chainmail_helmet":1,"minecraft:wooden_axe":1,"skilltree:gem":2,"minecraft:diamond_helmet":3,"minecraft:string":13,"minecraft:stone_sword":1,"minecraft:bowl":2,"minecraft:chicken":1,"minecraft:white_carpet":1,"minecraft:iron_boots":1,"iceandfire:dragon_skull_ice":1,"minecraft:pumpkin_seeds":38,"minecraft:potato":1,"minecraft:spruce_trapdoor":5,"minecraft:spruce_planks":1,"minecraft:spider_eye":4,"minecraft:stone_bricks":2,"sophisticatedbackpacks:copper_backpack":1,"minecraft:bow":3,"minecraft:magma_block":5,"minecraft:baked_potato":64,"iceandfire:chared_dirt":11,"minecraft:leather":5,"minecraft:seagrass":1,"gravestone:obituary":38,"iceandfire:ash":1,"minecraft:blackstone":42,"born_in_chaos_v1:fire_dust":1,"minecraft:cherry_sapling":10,"minecraft:gunpowder":2,"born_in_chaos_v1:seedof_chaos":1,"minecraft:beetroot_seeds":1,"born_in_chaos_v1:corpse_maggot":3,"minecraft:iron_bars":2,"minecraft:arrow":26,"iceandfire:chared_grass":2,"minecraft:netherrack":1307,"justhammers:diamond_hammer":2,"minecraft:cherry_log":1,"minecraft:diamond_leggings":3,"minecraft:poisonous_potato":4,"minecraft:copper_ingot":9,"minecraft:tropical_fish":1,"minecraft:leather_horse_armor":1,"minecraft:torch":51,"minecraft:nether_wart_block":19,"born_in_chaos_v1:fused_bone":3,"minecraft:iron_leggings":2,"minecraft:polished_andesite_stairs":4,"minecraft:bucket":1,"minecraft:smooth_basalt":11,"minecraft:redstone":9,"minecraft:kelp":2,"minecraft:tuff":284,"born_in_chaos_v1:black_argillite_button":1,"minecraft:deepslate_bricks":6,"minecraft:shield":2,"minecraft:diamond_chestplate":2,"minecraft:iron_chestplate":1,"minecraft:andesite":1,"minecraft:oak_sapling":93,"minecraft:diamond_boots":3,"minecraft:stone_pickaxe":2,"minecraft:wooden_pickaxe":1,"minecraft:cracked_deepslate_bricks":2,"minecraft:calcite":8},"minecraft:broken":{"minecraft:iron_boots":1,"minecraft:iron_chestplate":1,"minecraft:iron_leggings":1,"simplyswords:iron_halberd":1,"minecraft:chainmail_leggings":1,"minecraft:stone_sword":1,"minecraft:shield":3,"minecraft:iron_pickaxe":1,"born_in_chaos_v1:spiny_shell_armor_chestplate":1,"minecraft:golden_helmet":1,"iceandfire:silver_pickaxe":1,"born_in_chaos_v1:spiny_shell_armor_helmet":1,"minecraft:wooden_axe":1,"iceandfire:armor_silver_metal_boots":1,"farmersdelight:golden_knife":1}},"DataVersion":3465}