{"stats":{"minecraft:used":{"minecraft:spruce_slab":9,"minecraft:chest":5,"minecraft:shield":182,"paraglider:goddess_statue":4,"minecraft:stripped_spruce_log":3,"born_in_chaos_v1:corpse_maggot":5,"born_in_chaos_v1:smoked_flesh":8,"born_in_chaos_v1:spiny_shell_armor_chestplate":1,"minecraft:iron_helmet":1,"minecraft:dark_oak_slab":1,"minecraft:bow":5,"minecraft:furnace":4,"minecraft:egg":1,"minecraft:potato":109,"born_in_chaos_v1:spiny_shell_armor_helmet":1,"minecraft:diorite":4,"minecraft:stone_pickaxe":91,"minecraft:oak_planks":19,"minecraft:wooden_pickaxe":26,"minecraft:white_wool":2,"minecraft:golden_apple":4,"minecraft:mushroom_stew":1,"simplyswords:iron_halberd":87,"iceandfire:silver_axe":121,"iceandfire:silver_pickaxe":364,"waystones:waystone":1,"minecraft:bread":5,"born_in_chaos_v1:marigolds":1,"minecraft:andesite":2,"minecraft:chain":2,"minecraft:coarse_dirt":4,"minecraft:bone_meal":156,"minecraft:stone_sword":126,"minecraft:spruce_planks":1,"minecraft:cooked_chicken":3,"minecraft:torch":13,"minecraft:dirt":43,"minecraft:iron_hoe":44,"minecraft:wooden_axe":73,"born_in_chaos_v1:chipped_black_argillite_brick":1,"minecraft:golden_carrot":4,"minecraft:goat_horn":1,"minecraft:cooked_beef":29,"born_in_chaos_v1:trident_hayfork":245,"minecraft:cooked_mutton":26,"minecraft:water_bucket":58,"minecraft:baked_potato":70,"farmersdelight:golden_knife":32,"minecraft:mossy_cobblestone":2,"minecraft:crafting_table":9,"iceandfire:dread_stone_bricks_mossy":1,"minecraft:white_bed":2,"minecraft:smoker":2,"minecraft:flower_pot":1,"minecraft:stone_axe":20,"minecraft:cobblestone":134,"minecraft:cooked_porkchop":8,"minecraft:bucket":59,"iceandfire:dread_stone_bricks_cracked":1},"minecraft:crafted":{"minecraft:oak_planks":168,"minecraft:cooked_chicken":1,"born_in_chaos_v1:spiny_shell_armor_chestplate":1,"minecraft:cooked_mutton":17,"minecraft:iron_boots":2,"minecraft:chest":2,"born_in_chaos_v1:pileof_dark_metal":2,"minecraft:smoker":2,"iceandfire:silver_axe":1,"minecraft:cooked_porkchop":8,"minecraft:crafting_table":5,"minecraft:spruce_planks":20,"minecraft:wooden_pickaxe":1,"minecraft:baked_potato":139,"minecraft:iron_helmet":2,"minecraft:iron_chestplate":2,"minecraft:shield":4,"minecraft:stick":80,"minecraft:iron_ingot":44,"minecraft:stone_sword":2,"minecraft:gold_ingot":40,"minecraft:iron_nugget":9,"minecraft:furnace":4,"minecraft:bone_meal":156,"born_in_chaos_v1:spiny_shell_armor_helmet":1,"minecraft:spruce_slab":12,"minecraft:iron_hoe":1,"minecraft:stone_pickaxe":2,"minecraft:cooked_beef":29,"iceandfire:silver_ingot":6,"simplyswords:iron_halberd":1,"minecraft:iron_sword":1,"minecraft:bucket":1,"minecraft:stone_axe":2,"minecraft:air":0,"justhammers:iron_hammer":5,"minecraft:golden_apple":9,"minecraft:wooden_axe":2,"minecraft:iron_leggings":2,"minecraft:white_bed":2,"minecraft:torch":236,"iceandfire:silver_pickaxe":1},"minecraft:dropped":{"minecraft:iron_sword":1,"minecraft:baked_potato":64,"minecraft:dark_oak_slab":3,"minecraft:crossbow":1,"minecraft:warped_roots":1,"minecraft:leather":1,"born_in_chaos_v1:pieceofdarkmetal":4,"minecraft:red_carpet":2,"minecraft:chain":1,"gravestone:obituary":27,"minecraft:gold_nugget":2,"minecraft:bone":1,"minecraft:stone_axe":2,"minecraft:rotten_flesh":33,"minecraft:beetroot_seeds":1,"minecraft:spruce_slab":16,"minecraft:arrow":10,"iceandfire:manuscript":1,"minecraft:wheat_seeds":7,"minecraft:cherry_log":1,"minecraft:poisonous_potato":1,"minecraft:iron_helmet":2,"minecraft:feather":1,"minecraft:cobblestone":129,"minecraft:tropical_fish":1,"minecraft:torch":51,"minecraft:wooden_axe":1,"skilltree:gem":2,"minecraft:iron_leggings":1,"minecraft:string":6,"minecraft:kelp":2,"minecraft:stone_sword":1,"minecraft:bowl":1,"minecraft:chicken":1,"minecraft:iron_boots":1,"iceandfire:dragon_skull_ice":1,"minecraft:shield":1,"minecraft:spruce_planks":1,"minecraft:iron_chestplate":1,"minecraft:oak_sapling":25,"minecraft:bow":3,"minecraft:stone_pickaxe":2,"minecraft:wooden_pickaxe":1},"minecraft:picked_up":{"irons_spellbooks:scroll":1,"iceandfire:dread_stone_bricks":1,"minecraft:flower_pot":1,"minecraft:lead":2,"minecraft:string":34,"paraglider:goddess_statue":4,"iceandfire:manuscript":1,"minecraft:gold_nugget":372,"minecraft:spruce_planks":1,"minecraft:furnace":2,"minecraft:tipped_arrow":2,"minecraft:stick":22,"born_in_chaos_v1:shattered_skull":4,"minecraft:torch":51,"minecraft:porkchop":22,"born_in_chaos_v1:pileof_dark_metal":1,"minecraft:cherry_log":1,"minecraft:diorite":4,"minecraft:rotten_flesh":36,"minecraft:tropical_fish":1,"minecraft:iron_block":2,"minecraft:leather_horse_armor":1,"minecraft:cobblestone":353,"minecraft:feather":1,"born_in_chaos_v1:spiritual_dust":5,"minecraft:andesite":2,"minecraft:potato":241,"paraglider:spirit_orb":28,"skilltree:gem":24,"minecraft:dirt":68,"born_in_chaos_v1:monster_skin":1,"born_in_chaos_v1:marigolds":1,"minecraft:bone":31,"minecraft:bow":3,"minecraft:wheat_seeds":8,"minecraft:grindstone":1,"minecraft:oak_planks":50,"irons_spellbooks:frozen_bone":6,"minecraft:poisonous_potato":1,"minecraft:stripped_spruce_log":5,"minecraft:mossy_cobblestone":2,"waystones:waystone":2,"iceandfire:dread_stone_bricks_mossy":1,"minecraft:crossbow":1,"minecraft:oak_sapling":36,"born_in_chaos_v1:rotten_fish":5,"iceandfire:raw_silver":13,"minecraft:coarse_dirt":4,"minecraft:crafting_table":5,"minecraft:chicken":1,"born_in_chaos_v1:river_mint":6,"born_in_chaos_v1:seedof_chaos":10,"mowziesmobs:glowing_jelly":1,"gravestone:obituary":7,"minecraft:chain":4,"minecraft:beef":26,"iceandfire:dread_shard":1,"minecraft:spruce_slab":13,"minecraft:lectern":1,"minecraft:sugar_cane":4,"minecraft:chest":5,"minecraft:egg":1,"minecraft:raw_iron":23,"iceandfire:dragonbone":23,"minecraft:copper_ingot":5,"born_in_chaos_v1:pieceofdarkmetal":20,"minecraft:carrot":2,"iceandfire:dragon_skull_ice":1,"minecraft:arrow":13,"minecraft:beetroot_seeds":1,"born_in_chaos_v1:spiny_shell":17,"born_in_chaos_v1:trident_hayfork":1,"minecraft:mutton":23,"minecraft:white_wool":12,"born_in_chaos_v1:corpse_maggot":6,"born_in_chaos_v1:monster_flesh":1,"minecraft:leather":17,"minecraft:mushroom_stew":1,"minecraft:oak_log":70,"iceandfire:dread_stone_bricks_cracked":1,"minecraft:cooked_mutton":9,"minecraft:red_carpet":2,"minecraft:apple":6,"minecraft:kelp":2,"born_in_chaos_v1:smoked_flesh":8,"minecraft:iron_ingot":1,"minecraft:cooked_chicken":2,"born_in_chaos_v1:chipped_black_argillite_brick":1,"minecraft:book":197,"minecraft:dark_oak_slab":4,"minecraft:emerald_block":1,"born_in_chaos_v1:lifestealer_bone":4,"born_in_chaos_v1:orbofthe_summoner":1,"born_in_chaos_v1:ethereal_spirit":4,"born_in_chaos_v1:dark_rod":1,"minecraft:spruce_log":3,"minecraft:spider_eye":8,"minecraft:warped_roots":1,"minecraft:coal":85},"minecraft:broken":{"minecraft:golden_helmet":1,"minecraft:iron_boots":1,"minecraft:iron_chestplate":1,"minecraft:iron_leggings":1,"minecraft:wooden_axe":1,"minecraft:stone_sword":1,"minecraft:shield":3,"farmersdelight:golden_knife":1},"minecraft:custom":{"minecraft:interact_with_crafting_table":55,"minecraft:open_barrel":71,"minecraft:leave_game":3,"minecraft:time_since_death":45480,"minecraft:sprint_one_cm":730576,"minecraft:damage_blocked_by_shield":7500,"minecraft:drop":100,"minecraft:play_time":291869,"minecraft:deaths":21,"minecraft:jump":5800,"minecraft:walk_on_water_one_cm":38728,"minecraft:interact_with_furnace":102,"minecraft:sleep_in_bed":9,"minecraft:waystone_activated":1,"minecraft:damage_dealt":34804,"minecraft:crouch_one_cm":15059,"minecraft:interact_with_smoker":26,"minecraft:mob_kills":171,"minecraft:damage_dealt_resisted":4815,"minecraft:climb_one_cm":1880,"minecraft:walk_one_cm":708566,"minecraft:damage_dealt_absorbed":41,"minecraft:sneak_time":5577,"minecraft:walk_under_water_one_cm":5363,"minecraft:total_world_time":291869,"minecraft:time_since_rest":45507,"minecraft:damage_absorbed":141,"minecraft:damage_taken":16445,"minecraft:swim_one_cm":35043,"minecraft:fly_one_cm":1052691,"minecraft:open_chest":153,"minecraft:fall_one_cm":165155},"minecraft:killed":{"born_in_chaos_v1:lifestealer_true_form":1,"born_in_chaos_v1:zombie_clown":1,"minecraft:cave_spider":4,"born_in_chaos_v1:mr_pumpkin":13,"born_in_chaos_v1:restless_spirit":2,"born_in_chaos_v1:zombie_lumberjack":1,"born_in_chaos_v1:door_knight_not_despawn":1,"minecraft:spider":21,"born_in_chaos_v1:baby_skeleton_minion":3,"minecraft:skeleton":6,"minecraft:chicken":1,"born_in_chaos_v1:supreme_bonescaller_stage_2":1,"born_in_chaos_v1:firelight_not_despawn":2,"minecraft:pig":10,"minecraft:zombie_villager":1,"iter_rpg:spiderling":1,"irons_spellbooks:necromancer":1,"minecraft:sheep":15,"mowziesmobs:lantern":2,"minecraft:trader_llama":1,"minecraft:pillager":3,"minecraft:zombie":16,"born_in_chaos_v1:dread_hound":1,"born_in_chaos_v1:corpse_fly":1,"minecraft:stray":5,"minecraft:cow":12,"minecraft:vex":1,"irons_spellbooks:summoned_zombie":2,"born_in_chaos_v1:skeleton_thrasher_not_despawn":2,"iceandfire:dread_beast":4,"born_in_chaos_v1:thornshell_crab":6,"born_in_chaos_v1:zombie_bruiser":1,"born_in_chaos_v1:maggot":9,"iceandfire:dread_knight":1,"born_in_chaos_v1:barrel_zombie":1,"born_in_chaos_v1:spiritof_chaos":1,"born_in_chaos_v1:felsteed":1,"born_in_chaos_v1:bone_imp_minion":5,"born_in_chaos_v1:baby_skeleton":1,"born_in_chaos_v1:decrepit_skeleton":3,"born_in_chaos_v1:bonescaller_not_despawn":1,"born_in_chaos_v1:dark_vortex":1},"minecraft:mined":{"minecraft:grass_block":44,"born_in_chaos_v1:dark_metal_deposit":7,"iceandfire:dread_spawner":2,"minecraft:spawner":14,"minecraft:iron_ore":23,"minecraft:fire":4,"iceandfire:gold_pile":46,"minecraft:dirt_path":3,"iceandfire:dread_stone_bricks_cracked":1,"minecraft:iron_block":2,"minecraft:spruce_slab":3,"minecraft:potted_warped_roots":1,"minecraft:chest":5,"minecraft:cobblestone":24,"minecraft:sugar_cane":2,"minecraft:grindstone":1,"minecraft:oak_planks":2,"minecraft:chain":1,"minecraft:dark_oak_slab":4,"born_in_chaos_v1:river_mint":5,"minecraft:grass":21,"iceandfire:dread_stone_bricks_mossy":1,"minecraft:oak_log":70,"minecraft:dirt":23,"born_in_chaos_v1:infernal_evil_pumpkin_s":1,"minecraft:oak_leaves":46,"iceandfire:dread_stone_bricks":2,"minecraft:emerald_block":1,"iceandfire:chared_stone":1,"iceandfire:silver_ore":13,"minecraft:mossy_cobblestone":2,"gravestone:gravestone":18,"minecraft:furnace":2,"minecraft:andesite":4,"minecraft:bookshelf":66,"minecraft:potatoes":66,"born_in_chaos_v1:black_argillite_column_slab_n":1,"minecraft:stone":269,"born_in_chaos_v1:marigolds":1,"minecraft:crafting_table":5,"born_in_chaos_v1:black_argillite_brick_n":6,"minecraft:lectern":1,"minecraft:tall_grass":8,"born_in_chaos_v1:chipped_black_argillite_brick":2,"minecraft:diorite":8,"farmersdelight:wild_beetroots":1,"minecraft:coarse_dirt":2,"minecraft:ice":1,"minecraft:spruce_log":3,"minecraft:birch_leaves":3,"minecraft:coal_ore":85,"minecraft:cobweb":5,"paraglider:goddess_statue":4},"minecraft:killed_by":{"born_in_chaos_v1:nightmare_stalker":1,"minecraft:cave_spider":4,"born_in_chaos_v1:supreme_bonescaller_stage_2":1,"iceandfire:fire_dragon":1,"minecraft:vex":4,"born_in_chaos_v1:restless_spirit":2,"irons_spellbooks:necromancer":1,"minecraft:skeleton":2,"iceandfire:ghost":1}},"DataVersion":3465}