{"stats":{"minecraft:crafted":{"minecraft:oak_planks":24,"minecraft:crafting_table":1,"minecraft:stick":4,"minecraft:wooden_axe":1},"minecraft:dropped":{"minecraft:kelp":2,"minecraft:wheat_seeds":2,"minecraft:tropical_fish":1},"minecraft:used":{"born_in_chaos_v1:corpse_maggot":5,"minecraft:wooden_axe":35,"minecraft:white_wool":2,"minecraft:crafting_table":1},"minecraft:picked_up":{"born_in_chaos_v1:corpse_maggot":5,"minecraft:stick":11,"minecraft:crafting_table":1,"born_in_chaos_v1:river_mint":1,"minecraft:leather":2,"minecraft:potato":1,"minecraft:oak_log":6,"minecraft:rotten_flesh":3,"minecraft:tropical_fish":1,"minecraft:kelp":2,"minecraft:wheat_seeds":2,"minecraft:gold_nugget":2,"minecraft:beef":2,"minecraft:oak_sapling":4,"minecraft:mutton":2,"minecraft:white_wool":2},"minecraft:broken":{"minecraft:wooden_axe":1},"minecraft:custom":{"minecraft:time_since_rest":12303,"minecraft:sprint_one_cm":22656,"minecraft:walk_one_cm":29203,"minecraft:damage_taken":65,"minecraft:mob_kills":17,"minecraft:drop":4,"minecraft:damage_dealt":2225,"minecraft:interact_with_crafting_table":3,"minecraft:fly_one_cm":48560,"minecraft:crouch_one_cm":76,"minecraft:play_time":12303,"minecraft:sneak_time":32,"minecraft:jump":238,"minecraft:time_since_death":12303,"minecraft:total_world_time":12303,"minecraft:fall_one_cm":9103},"minecraft:killed":{"born_in_chaos_v1:barrel_zombie":1,"minecraft:sheep":1,"born_in_chaos_v1:zombie_clown":1,"minecraft:zombie":4,"minecraft:spider":1,"minecraft:cow":1,"born_in_chaos_v1:maggot":8},"minecraft:mined":{"minecraft:crafting_table":1,"minecraft:grass":7,"minecraft:oak_log":6,"minecraft:tall_grass":2,"minecraft:oak_leaves":1}},"DataVersion":3465}