{"stats":{"minecraft:dropped":{"minecraft:wheat_seeds":4,"minecraft:feather":1,"minecraft:warped_roots":1,"minecraft:tropical_fish":1,"minecraft:wooden_axe":1,"skilltree:gem":2,"minecraft:chain":1,"gravestone:obituary":10,"minecraft:stone_axe":1,"minecraft:kelp":2,"minecraft:stone_sword":1,"minecraft:bowl":1,"minecraft:chicken":1,"minecraft:rotten_flesh":5,"minecraft:shield":1,"minecraft:beetroot_seeds":1,"minecraft:spruce_slab":8,"minecraft:arrow":1,"minecraft:wooden_pickaxe":1,"minecraft:stone_pickaxe":1},"minecraft:used":{"minecraft:stone_sword":126,"minecraft:spruce_slab":9,"minecraft:spruce_planks":1,"minecraft:chest":3,"minecraft:shield":74,"minecraft:cooked_chicken":1,"paraglider:goddess_statue":1,"minecraft:dirt":5,"minecraft:stripped_spruce_log":3,"born_in_chaos_v1:corpse_maggot":5,"minecraft:wooden_axe":73,"born_in_chaos_v1:smoked_flesh":8,"minecraft:golden_carrot":4,"minecraft:furnace":4,"minecraft:egg":1,"minecraft:cooked_beef":18,"born_in_chaos_v1:trident_hayfork":41,"minecraft:cooked_mutton":16,"minecraft:diorite":4,"minecraft:stone_pickaxe":91,"minecraft:oak_planks":19,"farmersdelight:golden_knife":32,"minecraft:wooden_pickaxe":26,"minecraft:white_wool":2,"minecraft:crafting_table":6,"minecraft:mushroom_stew":1,"minecraft:white_bed":1,"waystones:waystone":1,"minecraft:flower_pot":1,"minecraft:bread":5,"born_in_chaos_v1:marigolds":1,"minecraft:stone_axe":20,"minecraft:cobblestone":10,"minecraft:andesite":2,"minecraft:chain":1},"minecraft:crafted":{"minecraft:oak_planks":112,"minecraft:cooked_chicken":1,"minecraft:furnace":2,"minecraft:cooked_mutton":10,"minecraft:spruce_slab":12,"minecraft:stone_pickaxe":2,"minecraft:cooked_beef":18,"minecraft:crafting_table":2,"minecraft:spruce_planks":20,"minecraft:wooden_pickaxe":1,"minecraft:stone_axe":2,"minecraft:air":0,"minecraft:shield":2,"minecraft:stick":32,"minecraft:iron_ingot":2,"minecraft:wooden_axe":2,"minecraft:stone_sword":2,"minecraft:white_bed":1},"minecraft:picked_up":{"irons_spellbooks:scroll":1,"minecraft:crafting_table":4,"minecraft:chicken":1,"born_in_chaos_v1:river_mint":6,"minecraft:flower_pot":1,"minecraft:lead":2,"gravestone:obituary":4,"minecraft:chain":3,"paraglider:goddess_statue":1,"minecraft:string":14,"minecraft:gold_nugget":2,"minecraft:spruce_planks":1,"minecraft:beef":15,"minecraft:spruce_slab":13,"minecraft:sugar_cane":4,"minecraft:chest":5,"minecraft:egg":1,"minecraft:furnace":2,"minecraft:raw_iron":19,"minecraft:stick":11,"born_in_chaos_v1:shattered_skull":1,"minecraft:copper_ingot":5,"minecraft:porkchop":14,"born_in_chaos_v1:pileof_dark_metal":1,"minecraft:diorite":4,"minecraft:carrot":2,"minecraft:arrow":10,"minecraft:rotten_flesh":22,"minecraft:tropical_fish":1,"minecraft:beetroot_seeds":1,"minecraft:leather_horse_armor":1,"born_in_chaos_v1:trident_hayfork":1,"minecraft:mutton":16,"minecraft:white_wool":12,"minecraft:cobblestone":67,"born_in_chaos_v1:corpse_maggot":6,"minecraft:feather":1,"born_in_chaos_v1:monster_flesh":1,"minecraft:andesite":2,"minecraft:leather":11,"minecraft:potato":1,"minecraft:mushroom_stew":1,"paraglider:spirit_orb":12,"minecraft:oak_log":28,"skilltree:gem":10,"minecraft:dirt":17,"born_in_chaos_v1:monster_skin":1,"born_in_chaos_v1:marigolds":1,"minecraft:cooked_mutton":6,"minecraft:bone":15,"minecraft:apple":5,"minecraft:kelp":2,"minecraft:wheat_seeds":5,"born_in_chaos_v1:smoked_flesh":8,"minecraft:oak_planks":50,"minecraft:dark_oak_slab":3,"born_in_chaos_v1:ethereal_spirit":4,"born_in_chaos_v1:dark_rod":1,"minecraft:stripped_spruce_log":5,"minecraft:spruce_log":3,"minecraft:spider_eye":4,"waystones:waystone":1,"minecraft:warped_roots":1,"minecraft:oak_sapling":11,"minecraft:coal":2,"iceandfire:raw_silver":6},"minecraft:broken":{"minecraft:golden_helmet":1,"minecraft:stone_sword":1,"minecraft:shield":1,"farmersdelight:golden_knife":1,"minecraft:wooden_axe":1},"minecraft:custom":{"minecraft:mob_kills":74,"minecraft:interact_with_crafting_table":23,"minecraft:open_barrel":46,"minecraft:damage_dealt_resisted":1045,"minecraft:leave_game":2,"minecraft:time_since_death":13852,"minecraft:sprint_one_cm":294508,"minecraft:walk_one_cm":356194,"minecraft:damage_blocked_by_shield":1320,"minecraft:drop":35,"minecraft:damage_dealt_absorbed":41,"minecraft:play_time":113326,"minecraft:deaths":7,"minecraft:sneak_time":1987,"minecraft:walk_under_water_one_cm":1205,"minecraft:jump":2303,"minecraft:walk_on_water_one_cm":5617,"minecraft:total_world_time":113326,"minecraft:interact_with_furnace":52,"minecraft:sleep_in_bed":3,"minecraft:time_since_rest":13876,"minecraft:waystone_activated":1,"minecraft:damage_taken":5491,"minecraft:damage_dealt":12138,"minecraft:swim_one_cm":2521,"minecraft:fly_one_cm":370570,"minecraft:open_chest":50,"minecraft:crouch_one_cm":5128,"minecraft:fall_one_cm":66835},"minecraft:killed":{"born_in_chaos_v1:zombie_clown":1,"minecraft:cave_spider":2,"irons_spellbooks:summoned_zombie":2,"born_in_chaos_v1:restless_spirit":2,"born_in_chaos_v1:door_knight_not_despawn":1,"minecraft:spider":6,"born_in_chaos_v1:skeleton_thrasher_not_despawn":1,"born_in_chaos_v1:maggot":9,"minecraft:skeleton":6,"minecraft:chicken":1,"born_in_chaos_v1:barrel_zombie":1,"minecraft:pig":7,"born_in_chaos_v1:baby_skeleton":1,"iter_rpg:spiderling":1,"irons_spellbooks:necromancer":1,"born_in_chaos_v1:decrepit_skeleton":2,"minecraft:sheep":11,"minecraft:trader_llama":1,"minecraft:zombie":9,"born_in_chaos_v1:dread_hound":1,"born_in_chaos_v1:dark_vortex":1,"minecraft:cow":7},"minecraft:mined":{"iceandfire:silver_ore":6,"gravestone:gravestone":7,"minecraft:grass_block":9,"minecraft:spawner":6,"minecraft:furnace":2,"minecraft:iron_ore":19,"minecraft:andesite":4,"minecraft:stone":65,"minecraft:spruce_slab":3,"born_in_chaos_v1:marigolds":1,"minecraft:crafting_table":4,"minecraft:potted_warped_roots":1,"minecraft:chest":5,"minecraft:tall_grass":4,"minecraft:cobblestone":2,"minecraft:sugar_cane":2,"minecraft:oak_planks":2,"minecraft:diorite":8,"farmersdelight:wild_beetroots":1,"minecraft:dark_oak_slab":3,"minecraft:spruce_log":3,"minecraft:birch_leaves":3,"born_in_chaos_v1:river_mint":5,"minecraft:grass":10,"minecraft:coal_ore":2,"minecraft:oak_log":28,"minecraft:dirt":11,"minecraft:cobweb":4,"minecraft:oak_leaves":21,"paraglider:goddess_statue":1},"minecraft:killed_by":{"born_in_chaos_v1:restless_spirit":2,"born_in_chaos_v1:nightmare_stalker":1,"irons_spellbooks:necromancer":1,"minecraft:cave_spider":3}},"DataVersion":3465}