{"stats":{"minecraft:used":{"minecraft:stone_sword":126,"minecraft:spruce_slab":9,"minecraft:spruce_planks":1,"minecraft:chest":5,"minecraft:shield":140,"minecraft:cooked_chicken":3,"minecraft:torch":8,"paraglider:goddess_statue":4,"minecraft:dirt":42,"minecraft:stripped_spruce_log":3,"minecraft:iron_hoe":44,"born_in_chaos_v1:corpse_maggot":5,"minecraft:wooden_axe":73,"born_in_chaos_v1:smoked_flesh":8,"minecraft:iron_helmet":1,"minecraft:dark_oak_slab":1,"minecraft:golden_carrot":4,"minecraft:bow":5,"minecraft:goat_horn":1,"minecraft:furnace":4,"minecraft:egg":1,"minecraft:potato":109,"minecraft:cooked_beef":29,"born_in_chaos_v1:trident_hayfork":194,"minecraft:cooked_mutton":26,"minecraft:water_bucket":1,"minecraft:diorite":4,"minecraft:baked_potato":3,"minecraft:stone_pickaxe":91,"minecraft:oak_planks":19,"farmersdelight:golden_knife":32,"minecraft:wooden_pickaxe":26,"minecraft:white_wool":2,"minecraft:golden_apple":4,"minecraft:mossy_cobblestone":2,"minecraft:crafting_table":8,"minecraft:mushroom_stew":1,"minecraft:white_bed":2,"iceandfire:silver_axe":120,"minecraft:smoker":2,"iceandfire:silver_pickaxe":337,"waystones:waystone":1,"minecraft:flower_pot":1,"minecraft:bread":5,"born_in_chaos_v1:marigolds":1,"minecraft:stone_axe":20,"minecraft:cobblestone":48,"minecraft:cooked_porkchop":8,"minecraft:bucket":2,"minecraft:andesite":2,"minecraft:chain":2,"minecraft:bone_meal":156,"minecraft:coarse_dirt":4},"minecraft:crafted":{"minecraft:oak_planks":168,"minecraft:cooked_chicken":1,"minecraft:furnace":4,"minecraft:bone_meal":156,"minecraft:cooked_mutton":17,"minecraft:iron_boots":2,"minecraft:iron_hoe":1,"minecraft:spruce_slab":12,"minecraft:stone_pickaxe":2,"minecraft:chest":2,"born_in_chaos_v1:pileof_dark_metal":2,"minecraft:smoker":2,"iceandfire:silver_axe":1,"minecraft:cooked_beef":29,"iceandfire:silver_ingot":6,"minecraft:cooked_porkchop":8,"minecraft:crafting_table":4,"minecraft:spruce_planks":20,"minecraft:baked_potato":139,"minecraft:wooden_pickaxe":1,"minecraft:iron_helmet":2,"minecraft:iron_sword":1,"minecraft:bucket":1,"minecraft:stone_axe":2,"minecraft:air":0,"justhammers:iron_hammer":5,"minecraft:iron_chestplate":2,"minecraft:golden_apple":9,"minecraft:shield":4,"minecraft:stick":80,"minecraft:iron_ingot":44,"minecraft:wooden_axe":2,"minecraft:stone_sword":2,"minecraft:gold_ingot":40,"minecraft:iron_leggings":2,"minecraft:white_bed":2,"minecraft:torch":236,"iceandfire:silver_pickaxe":1},"minecraft:dropped":{"minecraft:iron_sword":1,"minecraft:wheat_seeds":7,"minecraft:baked_potato":64,"minecraft:poisonous_potato":1,"minecraft:crossbow":1,"minecraft:dark_oak_slab":3,"minecraft:iron_helmet":1,"minecraft:feather":1,"minecraft:cobblestone":129,"minecraft:warped_roots":1,"minecraft:leather":1,"born_in_chaos_v1:pieceofdarkmetal":4,"minecraft:tropical_fish":1,"minecraft:red_carpet":2,"minecraft:wooden_axe":1,"skilltree:gem":2,"minecraft:iron_leggings":1,"minecraft:chain":1,"gravestone:obituary":24,"minecraft:gold_nugget":2,"minecraft:string":4,"minecraft:stone_axe":2,"minecraft:kelp":2,"minecraft:stone_sword":1,"minecraft:bowl":1,"minecraft:chicken":1,"minecraft:rotten_flesh":33,"minecraft:iron_boots":1,"minecraft:shield":1,"minecraft:spruce_planks":1,"minecraft:iron_chestplate":1,"minecraft:beetroot_seeds":1,"minecraft:oak_sapling":25,"minecraft:spruce_slab":16,"minecraft:arrow":10,"minecraft:bow":3,"minecraft:wooden_pickaxe":1,"minecraft:stone_pickaxe":2,"iceandfire:manuscript":1},"minecraft:picked_up":{"irons_spellbooks:scroll":1,"minecraft:coarse_dirt":4,"minecraft:crafting_table":4,"minecraft:chicken":1,"born_in_chaos_v1:river_mint":6,"minecraft:flower_pot":1,"born_in_chaos_v1:seedof_chaos":6,"minecraft:lead":2,"gravestone:obituary":7,"minecraft:chain":4,"iceandfire:manuscript":1,"paraglider:goddess_statue":4,"minecraft:string":31,"minecraft:gold_nugget":372,"minecraft:spruce_planks":1,"minecraft:beef":26,"minecraft:spruce_slab":13,"minecraft:lectern":1,"minecraft:sugar_cane":4,"minecraft:chest":5,"minecraft:egg":1,"minecraft:furnace":2,"minecraft:tipped_arrow":2,"minecraft:raw_iron":23,"minecraft:stick":22,"born_in_chaos_v1:shattered_skull":4,"minecraft:copper_ingot":5,"minecraft:porkchop":22,"born_in_chaos_v1:pileof_dark_metal":1,"born_in_chaos_v1:pieceofdarkmetal":15,"minecraft:diorite":4,"minecraft:carrot":2,"minecraft:arrow":13,"minecraft:rotten_flesh":34,"minecraft:tropical_fish":1,"minecraft:beetroot_seeds":1,"minecraft:iron_block":2,"minecraft:leather_horse_armor":1,"born_in_chaos_v1:trident_hayfork":1,"minecraft:mutton":23,"minecraft:white_wool":12,"minecraft:cobblestone":348,"born_in_chaos_v1:corpse_maggot":6,"minecraft:feather":1,"born_in_chaos_v1:monster_flesh":1,"born_in_chaos_v1:spiritual_dust":5,"minecraft:andesite":2,"minecraft:leather":17,"minecraft:potato":241,"minecraft:mushroom_stew":1,"paraglider:spirit_orb":28,"minecraft:oak_log":70,"skilltree:gem":24,"minecraft:dirt":67,"born_in_chaos_v1:monster_skin":1,"born_in_chaos_v1:marigolds":1,"minecraft:cooked_mutton":9,"minecraft:red_carpet":2,"minecraft:bone":27,"minecraft:apple":6,"minecraft:kelp":2,"minecraft:bow":3,"minecraft:wheat_seeds":8,"minecraft:grindstone":1,"born_in_chaos_v1:smoked_flesh":8,"minecraft:cooked_chicken":2,"minecraft:oak_planks":50,"minecraft:book":197,"minecraft:dark_oak_slab":4,"minecraft:emerald_block":1,"irons_spellbooks:frozen_bone":6,"born_in_chaos_v1:orbofthe_summoner":1,"born_in_chaos_v1:ethereal_spirit":4,"minecraft:poisonous_potato":1,"born_in_chaos_v1:dark_rod":1,"minecraft:stripped_spruce_log":5,"minecraft:spruce_log":3,"minecraft:spider_eye":8,"minecraft:mossy_cobblestone":2,"waystones:waystone":1,"minecraft:crossbow":1,"minecraft:warped_roots":1,"minecraft:oak_sapling":36,"minecraft:coal":85,"iceandfire:raw_silver":9},"minecraft:broken":{"minecraft:golden_helmet":1,"minecraft:stone_sword":1,"minecraft:shield":2,"farmersdelight:golden_knife":1,"minecraft:wooden_axe":1},"minecraft:custom":{"minecraft:mob_kills":129,"minecraft:interact_with_crafting_table":51,"minecraft:open_barrel":71,"minecraft:damage_dealt_resisted":3364,"minecraft:leave_game":2,"minecraft:time_since_death":2018,"minecraft:climb_one_cm":1880,"minecraft:sprint_one_cm":574086,"minecraft:walk_one_cm":637048,"minecraft:damage_blocked_by_shield":4965,"minecraft:drop":90,"minecraft:damage_dealt_absorbed":41,"minecraft:play_time":245326,"minecraft:deaths":18,"minecraft:sneak_time":4931,"minecraft:walk_under_water_one_cm":2532,"minecraft:jump":4207,"minecraft:walk_on_water_one_cm":7569,"minecraft:total_world_time":245326,"minecraft:interact_with_furnace":102,"minecraft:sleep_in_bed":9,"minecraft:time_since_rest":2042,"minecraft:waystone_activated":1,"minecraft:damage_absorbed":141,"minecraft:damage_taken":12292,"minecraft:damage_dealt":22417,"minecraft:swim_one_cm":10210,"minecraft:fly_one_cm":687559,"minecraft:open_chest":137,"minecraft:crouch_one_cm":13836,"minecraft:interact_with_smoker":26,"minecraft:fall_one_cm":121883},"minecraft:killed":{"born_in_chaos_v1:zombie_clown":1,"minecraft:vex":1,"minecraft:cave_spider":4,"irons_spellbooks:summoned_zombie":2,"born_in_chaos_v1:restless_spirit":2,"born_in_chaos_v1:door_knight_not_despawn":1,"minecraft:spider":18,"born_in_chaos_v1:skeleton_thrasher_not_despawn":2,"born_in_chaos_v1:baby_skeleton_minion":3,"born_in_chaos_v1:maggot":9,"minecraft:skeleton":6,"minecraft:chicken":1,"born_in_chaos_v1:supreme_bonescaller_stage_2":1,"born_in_chaos_v1:barrel_zombie":1,"minecraft:pig":10,"born_in_chaos_v1:bone_imp_minion":5,"born_in_chaos_v1:baby_skeleton":1,"iter_rpg:spiderling":1,"irons_spellbooks:necromancer":1,"born_in_chaos_v1:decrepit_skeleton":2,"minecraft:sheep":15,"minecraft:trader_llama":1,"minecraft:pillager":3,"minecraft:zombie":15,"born_in_chaos_v1:dread_hound":1,"born_in_chaos_v1:bonescaller_not_despawn":1,"minecraft:stray":5,"born_in_chaos_v1:dark_vortex":1,"minecraft:cow":12},"minecraft:mined":{"iceandfire:silver_ore":9,"minecraft:mossy_cobblestone":2,"gravestone:gravestone":14,"born_in_chaos_v1:dark_metal_deposit":7,"minecraft:grass_block":43,"minecraft:spawner":14,"minecraft:furnace":2,"minecraft:fire":4,"minecraft:iron_ore":23,"minecraft:andesite":4,"minecraft:potatoes":66,"minecraft:bookshelf":66,"iceandfire:gold_pile":46,"minecraft:dirt_path":3,"born_in_chaos_v1:black_argillite_column_slab_n":1,"minecraft:stone":269,"minecraft:iron_block":2,"minecraft:spruce_slab":3,"born_in_chaos_v1:marigolds":1,"minecraft:crafting_table":4,"minecraft:potted_warped_roots":1,"minecraft:chest":5,"born_in_chaos_v1:black_argillite_brick_n":6,"minecraft:lectern":1,"minecraft:tall_grass":8,"minecraft:cobblestone":10,"minecraft:grindstone":1,"minecraft:sugar_cane":2,"minecraft:oak_planks":2,"minecraft:diorite":8,"farmersdelight:wild_beetroots":1,"minecraft:chain":1,"minecraft:coarse_dirt":2,"minecraft:dark_oak_slab":4,"minecraft:spruce_log":3,"minecraft:birch_leaves":3,"born_in_chaos_v1:river_mint":5,"minecraft:grass":18,"minecraft:coal_ore":85,"minecraft:oak_log":70,"minecraft:dirt":23,"minecraft:cobweb":5,"minecraft:oak_leaves":46,"minecraft:emerald_block":1,"paraglider:goddess_statue":4,"iceandfire:chared_stone":1},"minecraft:killed_by":{"born_in_chaos_v1:restless_spirit":2,"born_in_chaos_v1:nightmare_stalker":1,"irons_spellbooks:necromancer":1,"minecraft:cave_spider":4,"minecraft:skeleton":1,"born_in_chaos_v1:supreme_bonescaller_stage_2":1,"iceandfire:ghost":1,"iceandfire:fire_dragon":1,"minecraft:vex":4}},"DataVersion":3465}