{"stats":{"minecraft:dropped":{"minecraft:iron_sword":1,"minecraft:baked_potato":64,"minecraft:dark_oak_slab":3,"minecraft:crossbow":1,"minecraft:warped_roots":1,"minecraft:leather":1,"born_in_chaos_v1:pieceofdarkmetal":4,"minecraft:red_carpet":2,"minecraft:chain":1,"gravestone:obituary":35,"minecraft:gold_nugget":2,"minecraft:bone":1,"minecraft:stone_axe":2,"minecraft:cobbled_deepslate":64,"minecraft:rotten_flesh":46,"minecraft:beetroot_seeds":1,"born_in_chaos_v1:corpse_maggot":1,"minecraft:spruce_slab":16,"minecraft:arrow":10,"iceandfire:manuscript":1,"minecraft:wheat_seeds":8,"minecraft:cherry_log":1,"minecraft:poisonous_potato":2,"minecraft:iron_helmet":2,"minecraft:feather":1,"minecraft:cobblestone":129,"minecraft:tropical_fish":1,"minecraft:chainmail_helmet":1,"minecraft:torch":51,"minecraft:wooden_axe":1,"skilltree:gem":2,"minecraft:iron_leggings":1,"minecraft:string":7,"minecraft:kelp":2,"minecraft:stone_sword":1,"minecraft:bowl":1,"minecraft:chicken":1,"minecraft:iron_boots":1,"iceandfire:dragon_skull_ice":1,"minecraft:shield":1,"minecraft:spruce_planks":1,"minecraft:iron_chestplate":1,"minecraft:oak_sapling":25,"minecraft:spider_eye":2,"minecraft:bow":3,"minecraft:stone_pickaxe":2,"minecraft:wooden_pickaxe":1},"minecraft:broken":{"minecraft:golden_helmet":1,"minecraft:iron_boots":1,"minecraft:iron_chestplate":1,"minecraft:iron_leggings":1,"iceandfire:silver_pickaxe":1,"minecraft:wooden_axe":1,"simplyswords:iron_halberd":1,"minecraft:chainmail_leggings":1,"minecraft:stone_sword":1,"minecraft:shield":3,"farmersdelight:golden_knife":1},"minecraft:killed_by":{"born_in_chaos_v1:nightmare_stalker":1,"iceandfire:dread_ghoul":3,"minecraft:cave_spider":4,"born_in_chaos_v1:supreme_bonescaller_stage_2":1,"iceandfire:fire_dragon":1,"minecraft:vex":4,"minecraft:player":1,"born_in_chaos_v1:restless_spirit":2,"iceandfire:dread_scuttler":1,"iceandfire:dread_knight":1,"irons_spellbooks:necromancer":1,"minecraft:skeleton":2,"iceandfire:ghost":1},"minecraft:used":{"minecraft:spruce_slab":9,"minecraft:chest":5,"minecraft:shield":210,"paraglider:goddess_statue":4,"born_in_chaos_v1:soul_cutlass":18,"minecraft:stripped_spruce_log":3,"born_in_chaos_v1:corpse_maggot":5,"born_in_chaos_v1:smoked_flesh":8,"born_in_chaos_v1:sharpened_dark_metal_sword":29,"born_in_chaos_v1:spiny_shell_armor_chestplate":1,"minecraft:iron_helmet":1,"minecraft:dark_oak_slab":1,"minecraft:bow":5,"minecraft:sweet_berries":13,"minecraft:furnace":4,"minecraft:egg":1,"minecraft:potato":192,"born_in_chaos_v1:spiny_shell_armor_helmet":1,"minecraft:diorite":4,"minecraft:stone_pickaxe":91,"minecraft:oak_planks":19,"minecraft:wooden_pickaxe":26,"iceandfire:dread_stone_bricks":4,"minecraft:white_wool":2,"minecraft:golden_apple":4,"iceandfire:armor_silver_metal_boots":1,"minecraft:mushroom_stew":1,"minecraft:blast_furnace":1,"simplyswords:iron_halberd":308,"born_in_chaos_v1:holiday_candy":2,"iceandfire:silver_axe":121,"iceandfire:silver_pickaxe":462,"waystones:waystone":1,"minecraft:bread":5,"born_in_chaos_v1:marigolds":1,"minecraft:andesite":2,"minecraft:chain":2,"minecraft:coarse_dirt":4,"minecraft:bone_meal":183,"minecraft:stone_sword":126,"minecraft:spruce_planks":1,"minecraft:cooked_chicken":3,"minecraft:torch":238,"minecraft:dirt":44,"minecraft:iron_hoe":44,"minecraft:wooden_axe":73,"born_in_chaos_v1:chipped_black_argillite_brick":1,"minecraft:golden_carrot":4,"minecraft:goat_horn":1,"minecraft:cooked_beef":29,"minecraft:cobbled_deepslate":42,"minecraft:iron_leggings":1,"born_in_chaos_v1:trident_hayfork":245,"minecraft:cooked_mutton":26,"minecraft:water_bucket":65,"minecraft:baked_potato":143,"farmersdelight:golden_knife":32,"minecraft:mossy_cobblestone":2,"minecraft:crafting_table":9,"iceandfire:dread_stone_bricks_mossy":1,"minecraft:white_bed":2,"minecraft:smoker":2,"minecraft:flower_pot":1,"minecraft:iron_pickaxe":81,"minecraft:stone_axe":20,"minecraft:cobblestone":186,"minecraft:cooked_porkchop":8,"minecraft:bucket":65,"minecraft:chainmail_leggings":1,"iceandfire:dread_stone_bricks_cracked":1},"minecraft:mined":{"minecraft:grass_block":45,"born_in_chaos_v1:dark_metal_deposit":7,"iceandfire:dread_spawner":2,"minecraft:spawner":15,"minecraft:iron_ore":23,"minecraft:fire":4,"minecraft:deepslate_lapis_ore":8,"iceandfire:gold_pile":46,"minecraft:dirt_path":3,"iceandfire:dread_stone_bricks_cracked":1,"minecraft:iron_block":2,"minecraft:spruce_slab":3,"minecraft:deepslate_redstone_ore":3,"born_in_chaos_v1:infected_deepslate_diamond_ore":1,"minecraft:torch":1,"minecraft:potted_warped_roots":1,"minecraft:chest":5,"minecraft:cobblestone":25,"minecraft:sugar_cane":2,"minecraft:grindstone":1,"minecraft:oak_planks":2,"minecraft:chain":1,"minecraft:dark_oak_slab":4,"born_in_chaos_v1:river_mint":5,"minecraft:grass":25,"iceandfire:dread_stone_bricks_mossy":1,"minecraft:oak_log":70,"minecraft:dirt":23,"born_in_chaos_v1:infernal_evil_pumpkin_s":1,"minecraft:oak_leaves":50,"iceandfire:dread_stone_bricks":6,"minecraft:deepslate":106,"minecraft:emerald_block":1,"iceandfire:chared_stone":1,"iceandfire:silver_ore":13,"minecraft:mossy_cobblestone":2,"minecraft:deepslate_diamond_ore":8,"gravestone:gravestone":23,"iter_rpg:big_vase":1,"minecraft:furnace":2,"iter_rpg:small_vase":1,"minecraft:andesite":4,"minecraft:bookshelf":66,"minecraft:potatoes":148,"minecraft:deepslate_iron_ore":27,"born_in_chaos_v1:black_argillite_column_slab_n":1,"minecraft:stone":269,"born_in_chaos_v1:marigolds":1,"minecraft:crafting_table":5,"iter_rpg:vase":1,"born_in_chaos_v1:black_argillite_brick_n":6,"minecraft:lectern":1,"minecraft:tall_grass":8,"born_in_chaos_v1:chipped_black_argillite_brick":2,"minecraft:deepslate_gold_ore":18,"minecraft:diorite":8,"farmersdelight:wild_beetroots":1,"minecraft:coarse_dirt":2,"iter_rpg:abyss_quartz":7,"minecraft:ice":1,"minecraft:spruce_log":3,"minecraft:birch_leaves":4,"iter_rpg:spider_egg":1,"minecraft:coal_ore":85,"minecraft:cobweb":5,"minecraft:fern":1,"paraglider:goddess_statue":4},"minecraft:custom":{"minecraft:interact_with_crafting_table":70,"minecraft:open_barrel":72,"minecraft:leave_game":4,"minecraft:time_since_death":66668,"minecraft:sprint_one_cm":1000842,"minecraft:damage_blocked_by_shield":9615,"minecraft:drop":119,"minecraft:play_time":399152,"minecraft:deaths":27,"minecraft:jump":7702,"minecraft:walk_on_water_one_cm":58340,"minecraft:interact_with_furnace":120,"minecraft:sleep_in_bed":11,"minecraft:waystone_activated":1,"minecraft:damage_dealt":58517,"minecraft:player_kills":1,"minecraft:crouch_one_cm":20557,"minecraft:interact_with_smoker":51,"minecraft:mob_kills":286,"minecraft:damage_dealt_resisted":6769,"minecraft:climb_one_cm":1880,"minecraft:walk_one_cm":915455,"minecraft:damage_dealt_absorbed":41,"minecraft:sneak_time":7382,"minecraft:walk_under_water_one_cm":10527,"minecraft:interact_with_blast_furnace":5,"minecraft:total_world_time":399152,"minecraft:time_since_rest":66696,"minecraft:damage_taken":22153,"minecraft:damage_absorbed":141,"minecraft:swim_one_cm":40417,"minecraft:fly_one_cm":1391095,"minecraft:open_chest":208,"minecraft:fall_one_cm":214898},"minecraft:killed":{"born_in_chaos_v1:lifestealer_true_form":1,"born_in_chaos_v1:zombie_clown":2,"minecraft:cave_spider":7,"born_in_chaos_v1:mr_pumpkin":13,"born_in_chaos_v1:restless_spirit":2,"born_in_chaos_v1:zombie_lumberjack":1,"born_in_chaos_v1:door_knight_not_despawn":1,"born_in_chaos_v1:sir_the_headless":1,"minecraft:spider":23,"born_in_chaos_v1:baby_skeleton_minion":4,"minecraft:skeleton":13,"minecraft:chicken":1,"iceandfire:dread_scuttler":2,"born_in_chaos_v1:supreme_bonescaller_stage_2":1,"irons_spellbooks:summoned_skeleton":2,"born_in_chaos_v1:firelight_not_despawn":2,"born_in_chaos_v1:bonescaller":1,"minecraft:pig":10,"born_in_chaos_v1:diamond_termite":2,"minecraft:zombie_villager":1,"minecraft:salmon":1,"iter_rpg:spiderling":6,"irons_spellbooks:necromancer":2,"minecraft:creeper":10,"minecraft:sheep":16,"mowziesmobs:lantern":2,"minecraft:trader_llama":1,"minecraft:pillager":3,"minecraft:zombie":26,"born_in_chaos_v1:dread_hound":5,"born_in_chaos_v1:corpse_fly":3,"minecraft:stray":5,"iceandfire:pixie":3,"iceandfire:dread_ghoul":4,"minecraft:cow":12,"minecraft:vex":1,"irons_spellbooks:summoned_zombie":4,"born_in_chaos_v1:skeleton_thrasher_not_despawn":3,"iceandfire:dread_beast":5,"born_in_chaos_v1:thornshell_crab":6,"born_in_chaos_v1:zombie_bruiser":2,"born_in_chaos_v1:maggot":13,"iceandfire:dread_knight":17,"iceandfire:dread_thrall":20,"born_in_chaos_v1:barrel_zombie":1,"born_in_chaos_v1:spiritof_chaos":1,"born_in_chaos_v1:felsteed":1,"born_in_chaos_v1:bone_imp_minion":5,"born_in_chaos_v1:baby_skeleton":2,"born_in_chaos_v1:decrepit_skeleton":4,"born_in_chaos_v1:bonescaller_not_despawn":1,"born_in_chaos_v1:dark_vortex":1,"born_in_chaos_v1:nightmare_stalker":1},"minecraft:crafted":{"minecraft:smooth_stone":3,"minecraft:oak_planks":216,"minecraft:cooked_chicken":1,"born_in_chaos_v1:spiny_shell_armor_chestplate":1,"minecraft:stone":3,"born_in_chaos_v1:dark_metal_ingot":4,"minecraft:cooked_mutton":17,"minecraft:iron_boots":2,"sophisticatedbackpacks:copper_backpack":1,"minecraft:chest":3,"born_in_chaos_v1:pileof_dark_metal":3,"minecraft:smoker":2,"iceandfire:silver_axe":1,"sophisticatedbackpacks:backpack":1,"minecraft:cooked_porkchop":8,"minecraft:crafting_table":5,"minecraft:spruce_planks":20,"minecraft:wooden_pickaxe":1,"minecraft:iron_helmet":2,"minecraft:baked_potato":328,"minecraft:iron_chestplate":2,"minecraft:charcoal":56,"minecraft:shield":5,"minecraft:stick":88,"minecraft:iron_ingot":73,"minecraft:stone_sword":2,"minecraft:gold_ingot":58,"born_in_chaos_v1:sharpened_dark_metal_sword":1,"minecraft:iron_nugget":9,"minecraft:furnace":5,"minecraft:blast_furnace":1,"minecraft:bone_meal":183,"born_in_chaos_v1:spiny_shell_armor_helmet":1,"born_in_chaos_v1:bone_handle":1,"minecraft:iron_hoe":1,"minecraft:spruce_slab":12,"minecraft:stone_pickaxe":2,"iceandfire:armor_silver_metal_boots":1,"minecraft:cooked_beef":29,"iceandfire:silver_ingot":10,"simplyswords:iron_halberd":1,"minecraft:iron_sword":1,"minecraft:bucket":1,"minecraft:stone_axe":2,"minecraft:air":0,"justhammers:iron_hammer":5,"minecraft:golden_apple":9,"minecraft:wooden_axe":2,"minecraft:iron_leggings":3,"minecraft:white_bed":2,"minecraft:torch":236,"iceandfire:silver_pickaxe":1},"minecraft:picked_up":{"irons_spellbooks:scroll":1,"iceandfire:dread_stone_bricks":5,"minecraft:flower_pot":1,"minecraft:lead":2,"born_in_chaos_v1:holiday_candy":21,"iceandfire:manuscript":1,"paraglider:goddess_statue":4,"minecraft:string":38,"irons_spellbooks:arcane_essence":1,"minecraft:gold_nugget":372,"minecraft:cobbled_deepslate":106,"minecraft:spruce_planks":1,"minecraft:furnace":2,"minecraft:tipped_arrow":2,"iceandfire:pixie_dust":2,"minecraft:stick":22,"born_in_chaos_v1:shattered_skull":5,"minecraft:torch":53,"born_in_chaos_v1:pileof_dark_metal":2,"minecraft:porkchop":22,"minecraft:cherry_log":1,"born_in_chaos_v1:nightmare_claw":1,"minecraft:diorite":4,"minecraft:rotten_flesh":53,"minecraft:tropical_fish":1,"minecraft:iron_block":2,"minecraft:leather_horse_armor":1,"minecraft:cobblestone":354,"minecraft:feather":1,"born_in_chaos_v1:spiritual_dust":7,"minecraft:andesite":2,"minecraft:potato":513,"paraglider:spirit_orb":30,"minecraft:lapis_lazuli":55,"skilltree:gem":31,"minecraft:dirt":69,"born_in_chaos_v1:monster_skin":5,"born_in_chaos_v1:marigolds":1,"minecraft:bone":46,"minecraft:bow":3,"minecraft:wheat_seeds":10,"minecraft:raw_gold":18,"minecraft:grindstone":1,"minecraft:oak_planks":50,"irons_spellbooks:frozen_bone":6,"iter_rpg:spider_silk":1,"minecraft:poisonous_potato":2,"minecraft:stripped_spruce_log":5,"minecraft:mossy_cobblestone":2,"minecraft:diamond":9,"waystones:waystone":3,"iceandfire:dread_stone_bricks_mossy":1,"iter_rpg:abyssquartz_shard":11,"minecraft:crossbow":1,"minecraft:chainmail_helmet":1,"minecraft:oak_sapling":36,"born_in_chaos_v1:rotten_fish":5,"iceandfire:raw_silver":13,"born_in_chaos_v1:diamond_termite_shard":2,"minecraft:crafting_table":5,"minecraft:coarse_dirt":4,"minecraft:chicken":1,"born_in_chaos_v1:river_mint":6,"born_in_chaos_v1:seedof_chaos":12,"mowziesmobs:glowing_jelly":1,"minecraft:chain":4,"gravestone:obituary":9,"born_in_chaos_v1:intoxicating_decoction":4,"iceandfire:dread_knight_sword":1,"minecraft:beef":26,"iceandfire:dread_shard":6,"born_in_chaos_v1:gnawed_bones":1,"minecraft:spruce_slab":13,"minecraft:lectern":1,"minecraft:sugar_cane":4,"minecraft:chest":5,"minecraft:egg":1,"minecraft:raw_iron":50,"iceandfire:dragonbone":23,"minecraft:copper_ingot":5,"born_in_chaos_v1:pieceofdarkmetal":20,"minecraft:carrot":2,"minecraft:redstone":14,"iceandfire:dragon_skull_ice":1,"minecraft:arrow":13,"minecraft:beetroot_seeds":1,"born_in_chaos_v1:spiny_shell":17,"born_in_chaos_v1:trident_hayfork":1,"minecraft:mutton":23,"minecraft:white_wool":12,"born_in_chaos_v1:corpse_maggot":7,"born_in_chaos_v1:monster_flesh":5,"born_in_chaos_v1:pumpkin_staff":1,"minecraft:leather":17,"minecraft:mushroom_stew":1,"minecraft:oak_log":73,"iceandfire:dread_stone_bricks_cracked":1,"minecraft:gunpowder":11,"minecraft:cooked_mutton":9,"minecraft:red_carpet":2,"born_in_chaos_v1:soul_cutlass":1,"minecraft:apple":6,"minecraft:kelp":2,"born_in_chaos_v1:smoked_flesh":8,"minecraft:iron_ingot":1,"minecraft:cooked_chicken":2,"born_in_chaos_v1:chipped_black_argillite_brick":1,"minecraft:book":197,"minecraft:emerald_block":1,"minecraft:dark_oak_slab":4,"minecraft:sweet_berries":12,"born_in_chaos_v1:lifestealer_bone":4,"born_in_chaos_v1:orbofthe_summoner":1,"born_in_chaos_v1:ethereal_spirit":5,"born_in_chaos_v1:dark_rod":1,"minecraft:spruce_log":3,"minecraft:spider_eye":11,"minecraft:pumpkin_seeds":29,"minecraft:chainmail_leggings":1,"minecraft:warped_roots":1,"minecraft:coal":85}},"DataVersion":3465}