{"stats":{"minecraft:used":{"minecraft:stone_sword":57,"minecraft:stone_pickaxe":17,"minecraft:oak_planks":13,"minecraft:chest":3,"minecraft:wooden_pickaxe":26,"minecraft:shield":74,"minecraft:white_wool":2,"minecraft:dirt":1,"minecraft:crafting_table":4,"minecraft:white_bed":1,"born_in_chaos_v1:corpse_maggot":5,"minecraft:wooden_axe":73,"born_in_chaos_v1:marigolds":1,"minecraft:stone_axe":11,"minecraft:furnace":4,"minecraft:chain":1,"minecraft:cooked_beef":10},"minecraft:dropped":{"minecraft:stone_axe":1,"minecraft:kelp":2,"minecraft:wheat_seeds":4,"minecraft:stone_sword":1,"minecraft:warped_roots":1,"minecraft:tropical_fish":1,"minecraft:shield":1,"minecraft:wooden_axe":1,"minecraft:beetroot_seeds":1,"minecraft:chain":1,"gravestone:obituary":3,"minecraft:stone_pickaxe":1,"minecraft:wooden_pickaxe":1},"minecraft:crafted":{"minecraft:cooked_beef":13,"minecraft:oak_planks":112,"minecraft:crafting_table":1,"minecraft:spruce_planks":12,"minecraft:wooden_pickaxe":1,"minecraft:furnace":2,"minecraft:stone_axe":2,"minecraft:air":0,"minecraft:shield":2,"minecraft:stick":32,"minecraft:iron_ingot":2,"minecraft:stone_pickaxe":2,"minecraft:wooden_axe":2,"minecraft:stone_sword":2,"minecraft:white_bed":1},"minecraft:picked_up":{"born_in_chaos_v1:corpse_maggot":5,"minecraft:crafting_table":3,"minecraft:flower_pot":1,"born_in_chaos_v1:river_mint":6,"minecraft:leather":9,"minecraft:lead":2,"minecraft:potato":1,"paraglider:spirit_orb":6,"minecraft:oak_log":28,"minecraft:chain":3,"minecraft:dirt":13,"minecraft:string":7,"born_in_chaos_v1:marigolds":1,"minecraft:bone":5,"minecraft:kelp":2,"minecraft:wheat_seeds":5,"minecraft:gold_nugget":2,"minecraft:beef":12,"minecraft:sugar_cane":4,"minecraft:chest":3,"minecraft:oak_planks":47,"minecraft:furnace":2,"minecraft:stick":11,"minecraft:raw_iron":2,"minecraft:dark_oak_slab":3,"born_in_chaos_v1:ethereal_spirit":3,"minecraft:porkchop":4,"minecraft:spruce_log":3,"minecraft:carrot":2,"minecraft:spider_eye":2,"minecraft:arrow":7,"minecraft:rotten_flesh":9,"minecraft:tropical_fish":1,"minecraft:beetroot_seeds":1,"minecraft:warped_roots":1,"minecraft:oak_sapling":11,"minecraft:mutton":6,"minecraft:white_wool":5,"minecraft:cobblestone":35},"minecraft:broken":{"minecraft:shield":1,"minecraft:wooden_axe":1},"minecraft:custom":{"minecraft:interact_with_furnace":32,"minecraft:mob_kills":38,"minecraft:interact_with_crafting_table":22,"minecraft:open_barrel":37,"minecraft:leave_game":1,"minecraft:time_since_death":261,"minecraft:time_since_rest":289,"minecraft:sprint_one_cm":98804,"minecraft:damage_taken":1554,"minecraft:walk_one_cm":157168,"minecraft:damage_blocked_by_shield":1320,"minecraft:drop":18,"minecraft:damage_dealt":5865,"minecraft:swim_one_cm":2127,"minecraft:fly_one_cm":126808,"minecraft:open_chest":25,"minecraft:crouch_one_cm":647,"minecraft:play_time":53500,"minecraft:deaths":3,"minecraft:sneak_time":397,"minecraft:walk_under_water_one_cm":848,"minecraft:jump":707,"minecraft:walk_on_water_one_cm":2655,"minecraft:total_world_time":53500,"minecraft:fall_one_cm":22976},"minecraft:killed":{"born_in_chaos_v1:barrel_zombie":1,"born_in_chaos_v1:zombie_clown":1,"minecraft:pig":2,"born_in_chaos_v1:restless_spirit":2,"minecraft:spider":4,"born_in_chaos_v1:decrepit_skeleton":2,"born_in_chaos_v1:maggot":8,"minecraft:skeleton":2,"minecraft:sheep":4,"minecraft:trader_llama":1,"minecraft:zombie":5,"minecraft:cow":6},"minecraft:mined":{"born_in_chaos_v1:marigolds":1,"minecraft:crafting_table":3,"gravestone:gravestone":2,"minecraft:grass_block":4,"minecraft:chest":3,"minecraft:potted_warped_roots":1,"minecraft:tall_grass":2,"minecraft:oak_planks":1,"minecraft:sugar_cane":2,"minecraft:spawner":3,"farmersdelight:wild_beetroots":1,"minecraft:dark_oak_slab":3,"minecraft:furnace":2,"minecraft:iron_ore":2,"minecraft:spruce_log":3,"born_in_chaos_v1:river_mint":5,"minecraft:grass":9,"minecraft:oak_log":28,"minecraft:dirt":9,"minecraft:cobweb":4,"minecraft:stone":35,"minecraft:oak_leaves":1},"minecraft:killed_by":{"born_in_chaos_v1:restless_spirit":2,"born_in_chaos_v1:nightmare_stalker":1}},"DataVersion":3465}