{"stats":{"minecraft:killed_by":{"minecraft:player":1,"born_in_chaos_v1:nightmare_stalker":4,"irons_spellbooks:summoned_skeleton":1,"minecraft:creeper":1,"iceandfire:siren":1,"minecraft:pillager":1,"minecraft:vindicator":1,"minecraft:cave_spider":1,"minecraft:skeleton":2,"born_in_chaos_v1:corpse_fish":1,"iceandfire:ghost":1,"minecraft:vex":5},"minecraft:crafted":{"minecraft:oak_planks":16,"minecraft:cooked_chicken":9,"minecraft:furnace":1,"minecraft:cooked_mutton":5,"minecraft:stone_pickaxe":1,"minecraft:cooked_beef":1,"minecraft:cooked_porkchop":2,"minecraft:crafting_table":2,"minecraft:wooden_pickaxe":1,"minecraft:bucket":1,"minecraft:birch_planks":64,"minecraft:bread":2,"minecraft:wooden_hoe":2,"minecraft:stick":16,"minecraft:iron_pickaxe":1,"minecraft:iron_ingot":6,"minecraft:wooden_axe":2,"minecraft:gold_ingot":22,"minecraft:torch":40},"minecraft:used":{"minecraft:beetroot":2,"minecraft:iron_sword":348,"minecraft:cooked_chicken":3,"minecraft:torch":27,"minecraft:dirt":97,"minecraft:mutton":4,"iceandfire:copper_sword":43,"minecraft:carrot":3,"minecraft:allium":41,"iter_rpg:etherbloom":8,"born_in_chaos_v1:corpse_maggot":1,"minecraft:wooden_axe":145,"minecraft:lava_bucket":60,"minecraft:birch_sapling":5,"minecraft:melon_seeds":10,"minecraft:oak_sapling":15,"minecraft:furnace":1,"minecraft:egg":6,"minecraft:potato":9,"minecraft:cooked_beef":1,"minecraft:cobbled_deepslate":6,"minecraft:wheat_seeds":100,"minecraft:cooked_mutton":7,"minecraft:water_bucket":5,"farmersdelight:skillet":18,"minecraft:birch_planks":9,"minecraft:stone_pickaxe":18,"minecraft:baked_potato":26,"minecraft:wooden_pickaxe":56,"minecraft:oak_leaves":1,"minecraft:salmon":1,"minecraft:golden_apple":1,"farmersdelight:onion":28,"minecraft:crafting_table":5,"minecraft:crossbow":28,"minecraft:cod":1,"minecraft:wooden_hoe":72,"minecraft:melon_slice":18,"minecraft:chicken":2,"minecraft:bread":6,"minecraft:iron_pickaxe":30,"born_in_chaos_v1:marigolds":19,"minecraft:cobblestone":7,"born_in_chaos_v1:river_mint":2,"minecraft:cooked_porkchop":2,"minecraft:bucket":66,"minecraft:birch_log":2,"minecraft:golden_pickaxe":1,"minecraft:coarse_dirt":3,"minecraft:cobweb":3},"minecraft:mined":{"minecraft:red_carpet":1,"minecraft:attached_melon_stem":1,"minecraft:deepslate_diamond_ore":2,"minecraft:candle":2,"farmersdelight:wild_carrots":24,"gravestone:gravestone":22,"minecraft:allium":14,"minecraft:grass_block":41,"minecraft:spruce_leaves":24,"minecraft:rooted_dirt":2,"minecraft:large_fern":3,"farmersdelight:wild_onions":49,"minecraft:packed_mud":2,"farmersdelight:wild_rice":3,"minecraft:fire":3,"iter_rpg:etherbloom":8,"minecraft:deepslate_lapis_ore":7,"minecraft:vine":7,"iceandfire:gold_pile":23,"minecraft:deepslate_iron_ore":8,"minecraft:dirt_path":1,"minecraft:stone":17,"farmersdelight:wild_potatoes":6,"minecraft:podzol":1,"born_in_chaos_v1:marigolds":20,"minecraft:crafting_table":4,"born_in_chaos_v1:infected_deepslate_diamond_ore":1,"minecraft:melon":6,"minecraft:rose_bush":17,"minecraft:tall_grass":63,"minecraft:deepslate_gold_ore":19,"minecraft:blue_bed":1,"minecraft:wall_torch":1,"minecraft:skeleton_skull":2,"farmersdelight:wild_beetroots":21,"farmersdelight:sandy_shrub":6,"minecraft:coarse_dirt":6,"minecraft:birch_log":22,"minecraft:wheat":49,"minecraft:sweet_berry_bush":19,"iter_rpg:abyss_quartz":2,"minecraft:wither_rose":1,"born_in_chaos_v1:river_mint":1,"minecraft:bee_nest":1,"minecraft:grass":278,"minecraft:oak_log":50,"minecraft:coal_ore":8,"iter_rpg:spider_egg":1,"minecraft:dirt":69,"minecraft:cobweb":2,"minecraft:oak_leaves":98,"minecraft:deepslate":10,"minecraft:fern":7},"minecraft:custom":{"minecraft:mob_kills":53,"minecraft:interact_with_crafting_table":20,"minecraft:open_barrel":28,"minecraft:damage_dealt_resisted":1624,"minecraft:leave_game":1,"minecraft:time_since_death":29523,"minecraft:climb_one_cm":3186,"minecraft:damage_resisted":4270,"minecraft:sprint_one_cm":771572,"minecraft:walk_one_cm":1294570,"minecraft:drop":116,"minecraft:play_time":318852,"minecraft:deaths":25,"minecraft:sneak_time":2389,"minecraft:walk_under_water_one_cm":68607,"minecraft:jump":4304,"minecraft:walk_on_water_one_cm":84431,"minecraft:total_world_time":318852,"minecraft:interact_with_furnace":15,"minecraft:sleep_in_bed":16,"minecraft:time_since_rest":28137,"minecraft:waystone_activated":2,"minecraft:damage_taken":10407,"minecraft:trigger_trapped_chest":5,"minecraft:damage_dealt":9039,"minecraft:swim_one_cm":309261,"minecraft:fly_one_cm":678788,"minecraft:player_kills":1,"minecraft:open_chest":27,"minecraft:crouch_one_cm":5014,"minecraft:fall_one_cm":126177},"minecraft:picked_up":{"minecraft:coarse_dirt":4,"minecraft:crafting_table":4,"minecraft:iron_chestplate":2,"minecraft:wheat":98,"minecraft:allium":165,"iceandfire:copper_sword":1,"minecraft:chicken":12,"born_in_chaos_v1:river_mint":2,"minecraft:golden_pickaxe":1,"minecraft:wither_rose":2,"gravestone:obituary":17,"minecraft:string":7,"iter_rpg:etherbloom":8,"minecraft:iron_leggings":2,"born_in_chaos_v1:intoxicating_decoction":2,"minecraft:beetroot":2,"minecraft:candle":8,"minecraft:diamond_leggings":2,"minecraft:gold_nugget":202,"minecraft:cobbled_deepslate":7,"minecraft:bucket":1,"minecraft:beef":3,"born_in_chaos_v1:gnawed_bones":1,"minecraft:rose_bush":17,"minecraft:iron_nugget":10,"minecraft:iron_pickaxe":1,"minecraft:melon_slice":44,"minecraft:birch_sapling":5,"farmersdelight:cabbage_seeds":1,"minecraft:iron_boots":1,"minecraft:egg":8,"minecraft:stick":10,"minecraft:raw_iron":8,"minecraft:torch":1,"minecraft:fire_charge":1,"minecraft:porkchop":2,"minecraft:carrot":22,"minecraft:diamond_chestplate":2,"minecraft:rotten_flesh":22,"minecraft:arrow":5,"minecraft:beetroot_seeds":22,"farmersdelight:onion":65,"minecraft:diamond_boots":2,"minecraft:mutton":9,"minecraft:cod":1,"minecraft:skeleton_skull":5,"minecraft:white_wool":9,"minecraft:cobblestone":18,"minecraft:birch_log":18,"born_in_chaos_v1:corpse_maggot":1,"minecraft:feather":13,"farmersdelight:rice":6,"born_in_chaos_v1:monster_flesh":2,"born_in_chaos_v1:spiritual_dust":4,"minecraft:salmon":1,"minecraft:jungle_log":1,"minecraft:leather":1,"minecraft:potato":7,"minecraft:packed_mud":2,"minecraft:flint":2,"minecraft:oak_log":52,"minecraft:chainmail_chestplate":1,"minecraft:dirt":105,"minecraft:lapis_lazuli":44,"skilltree:gem":4,"born_in_chaos_v1:monster_skin":2,"born_in_chaos_v1:marigolds":19,"minecraft:cooked_mutton":5,"minecraft:bone":9,"minecraft:wheat_seeds":172,"minecraft:raw_gold":19,"minecraft:iron_sword":1,"minecraft:sweet_berries":40,"minecraft:spider_eye":1,"born_in_chaos_v1:fire_dust":3,"minecraft:diamond":2,"iter_rpg:abyssquartz_shard":4,"minecraft:iron_helmet":1,"minecraft:crossbow":2,"minecraft:emerald":2,"minecraft:oak_leaves":1,"minecraft:melon_seeds":2,"minecraft:rooted_dirt":2,"minecraft:baked_potato":64,"born_in_chaos_v1:rotten_fish":2,"minecraft:oak_sapling":22,"minecraft:coal":8},"minecraft:killed":{"minecraft:cave_spider":2,"born_in_chaos_v1:zombie_lumberjack":1,"born_in_chaos_v1:zombie_clown_not_despawn":1,"minecraft:cod":1,"born_in_chaos_v1:maggot":3,"minecraft:skeleton":2,"minecraft:chicken":8,"born_in_chaos_v1:corpse_fish":1,"minecraft:pig":1,"minecraft:zombie_villager":1,"minecraft:salmon":1,"iter_rpg:spiderling":1,"born_in_chaos_v1:decrepit_skeleton":3,"minecraft:sheep":6,"minecraft:pillager":1,"iceandfire:ghost":1,"minecraft:zombie":12,"born_in_chaos_v1:dread_hound":2,"iter_rpg:bloated":1,"minecraft:cow":2},"minecraft:dropped":{"born_in_chaos_v1:shattered_skull":1,"minecraft:wheat_seeds":5,"minecraft:oak_log":25,"minecraft:crafting_table":1,"minecraft:crossbow":1,"minecraft:book":2,"minecraft:dirt":1,"minecraft:wooden_axe":1,"gravestone:obituary":35,"minecraft:cooked_chicken":2,"farmersdelight:cabbage_seeds":1,"minecraft:rotten_flesh":19,"minecraft:oak_planks":2,"minecraft:cooked_mutton":3,"minecraft:allium":22,"minecraft:iron_chestplate":1,"minecraft:beetroot_seeds":10,"minecraft:jungle_log":1,"minecraft:oak_sapling":7,"minecraft:arrow":1,"minecraft:beef":1,"iceandfire:manuscript":1},"minecraft:broken":{"minecraft:iron_boots":1,"minecraft:iron_helmet":1,"minecraft:wooden_axe":1,"minecraft:wooden_hoe":1}},"DataVersion":3465}