{"stats":{"minecraft:killed":{"minecraft:cave_spider":3,"born_in_chaos_v1:zombie_lumberjack":1,"minecraft:spider":1,"born_in_chaos_v1:zombie_clown_not_despawn":1,"iceandfire:gorgon":1,"minecraft:cod":1,"born_in_chaos_v1:maggot":3,"minecraft:skeleton":2,"minecraft:chicken":8,"born_in_chaos_v1:corpse_fish":1,"minecraft:pig":1,"iceandfire:cyclops":1,"minecraft:zombie_villager":1,"minecraft:salmon":1,"iter_rpg:spiderling":1,"born_in_chaos_v1:decrepit_skeleton":3,"minecraft:sheep":6,"minecraft:pillager":2,"minecraft:zombie":12,"iceandfire:ghost":1,"born_in_chaos_v1:dread_hound":2,"iter_rpg:bloated":1,"born_in_chaos_v1:nightmare_stalker":1,"born_in_chaos_v1:door_knight":1,"minecraft:cow":2},"minecraft:dropped":{"born_in_chaos_v1:shattered_skull":1,"minecraft:wheat_seeds":21,"minecraft:oak_log":25,"minecraft:crafting_table":1,"minecraft:crossbow":2,"minecraft:book":2,"minecraft:copper_ingot":2,"minecraft:item_frame":1,"minecraft:stick":2,"minecraft:dirt":1,"minecraft:mutton":1,"minecraft:wooden_axe":1,"minecraft:potion":1,"gravestone:obituary":37,"minecraft:cooked_chicken":2,"farmersdelight:cabbage_seeds":1,"minecraft:rotten_flesh":19,"minecraft:oak_planks":2,"minecraft:cooked_mutton":3,"minecraft:allium":22,"minecraft:iron_chestplate":1,"minecraft:beetroot_seeds":10,"minecraft:jungle_log":1,"minecraft:oak_sapling":7,"minecraft:arrow":1,"minecraft:beef":1,"iceandfire:manuscript":1},"minecraft:picked_up":{"minecraft:crafting_table":4,"minecraft:iron_chestplate":2,"minecraft:coarse_dirt":4,"minecraft:wheat":98,"minecraft:allium":165,"iceandfire:copper_sword":1,"minecraft:chicken":12,"born_in_chaos_v1:river_mint":2,"minecraft:golden_pickaxe":1,"minecraft:wither_rose":2,"minecraft:potion":1,"gravestone:obituary":17,"minecraft:string":7,"iter_rpg:etherbloom":8,"minecraft:iron_axe":1,"minecraft:iron_leggings":2,"born_in_chaos_v1:intoxicating_decoction":2,"minecraft:item_frame":1,"minecraft:beetroot":2,"minecraft:diamond_leggings":2,"minecraft:candle":8,"minecraft:gold_nugget":202,"minecraft:cobbled_deepslate":7,"minecraft:bucket":2,"minecraft:beef":3,"iceandfire:dread_shard":2,"minecraft:rose_bush":17,"born_in_chaos_v1:gnawed_bones":1,"minecraft:iron_nugget":10,"minecraft:iron_pickaxe":1,"minecraft:melon_slice":44,"minecraft:birch_sapling":5,"farmersdelight:cabbage_seeds":1,"minecraft:iron_boots":1,"minecraft:egg":8,"minecraft:stick":10,"minecraft:raw_iron":8,"minecraft:torch":1,"minecraft:fire_charge":1,"minecraft:porkchop":2,"born_in_chaos_v1:nightmare_claw":1,"minecraft:carrot":22,"minecraft:arrow":5,"minecraft:rotten_flesh":22,"iceandfire:cyclops_eye":1,"minecraft:diamond_chestplate":2,"minecraft:beetroot_seeds":22,"farmersdelight:onion":65,"minecraft:diamond_boots":2,"minecraft:mutton":10,"minecraft:cod":1,"minecraft:skeleton_skull":6,"minecraft:white_wool":9,"minecraft:cobblestone":18,"minecraft:birch_log":18,"born_in_chaos_v1:corpse_maggot":1,"minecraft:feather":13,"farmersdelight:rice":6,"born_in_chaos_v1:monster_flesh":2,"born_in_chaos_v1:spiritual_dust":4,"minecraft:salmon":1,"minecraft:jungle_log":1,"minecraft:leather":1,"minecraft:potato":7,"minecraft:packed_mud":2,"minecraft:flint":2,"minecraft:oak_log":52,"minecraft:chainmail_chestplate":1,"minecraft:lapis_lazuli":44,"skilltree:gem":4,"minecraft:dirt":105,"born_in_chaos_v1:monster_skin":5,"born_in_chaos_v1:marigolds":19,"minecraft:cooked_mutton":5,"minecraft:bone":17,"minecraft:wheat_seeds":173,"minecraft:raw_gold":19,"minecraft:iron_sword":1,"minecraft:sweet_berries":40,"minecraft:sand":2,"minecraft:spider_eye":1,"born_in_chaos_v1:fire_dust":3,"minecraft:diamond":2,"iter_rpg:abyssquartz_shard":4,"minecraft:iron_helmet":1,"minecraft:crossbow":2,"minecraft:emerald":2,"iceandfire:gorgon_head":1,"minecraft:rooted_dirt":2,"minecraft:baked_potato":64,"minecraft:oak_sapling":22,"born_in_chaos_v1:rotten_fish":2,"minecraft:melon_seeds":2,"minecraft:coal":8,"minecraft:oak_leaves":1},"minecraft:crafted":{"minecraft:oak_planks":80,"minecraft:cooked_chicken":9,"minecraft:furnace":1,"minecraft:cooked_mutton":5,"minecraft:stone_pickaxe":1,"minecraft:cooked_beef":1,"minecraft:cooked_porkchop":2,"minecraft:crafting_table":2,"minecraft:wooden_pickaxe":1,"minecraft:bucket":1,"minecraft:birch_planks":64,"minecraft:bread":2,"minecraft:wooden_hoe":2,"minecraft:stick":16,"minecraft:iron_ingot":6,"minecraft:iron_pickaxe":1,"minecraft:wooden_axe":2,"minecraft:gold_ingot":22,"minecraft:torch":40},"minecraft:custom":{"minecraft:mob_kills":60,"minecraft:interact_with_crafting_table":20,"minecraft:open_barrel":29,"minecraft:damage_dealt_resisted":2504,"minecraft:leave_game":2,"minecraft:time_since_death":613,"minecraft:climb_one_cm":3518,"minecraft:damage_resisted":2147483647,"minecraft:sprint_one_cm":807422,"minecraft:walk_one_cm":1546951,"minecraft:drop":126,"minecraft:play_time":346656,"minecraft:sneak_time":2661,"minecraft:deaths":26,"minecraft:walk_under_water_one_cm":69361,"minecraft:jump":4832,"minecraft:interact_with_brewingstand":3,"minecraft:walk_on_water_one_cm":85947,"minecraft:total_world_time":346656,"minecraft:interact_with_furnace":15,"minecraft:sleep_in_bed":16,"minecraft:waystone_activated":2,"minecraft:time_since_rest":642,"minecraft:damage_taken":10877,"minecraft:trigger_trapped_chest":5,"minecraft:damage_dealt":12033,"minecraft:player_kills":1,"minecraft:swim_one_cm":311642,"minecraft:fly_one_cm":770146,"minecraft:open_chest":39,"minecraft:crouch_one_cm":5799,"minecraft:fall_one_cm":146350},"minecraft:mined":{"minecraft:red_carpet":1,"minecraft:attached_melon_stem":1,"minecraft:deepslate_diamond_ore":2,"minecraft:candle":2,"farmersdelight:wild_carrots":24,"minecraft:allium":14,"gravestone:gravestone":23,"minecraft:grass_block":41,"minecraft:spruce_leaves":24,"minecraft:rooted_dirt":2,"minecraft:large_fern":3,"farmersdelight:wild_onions":49,"minecraft:packed_mud":2,"farmersdelight:wild_rice":3,"minecraft:fire":3,"iter_rpg:etherbloom":8,"minecraft:deepslate_lapis_ore":7,"minecraft:dirt_path":1,"minecraft:vine":7,"iceandfire:gold_pile":23,"minecraft:deepslate_iron_ore":8,"iceandfire:dread_stone_bricks_cracked":1,"minecraft:stone":17,"farmersdelight:wild_potatoes":6,"minecraft:podzol":1,"born_in_chaos_v1:marigolds":20,"born_in_chaos_v1:infected_deepslate_diamond_ore":1,"minecraft:crafting_table":4,"minecraft:melon":6,"minecraft:rose_bush":17,"minecraft:tall_grass":65,"minecraft:deepslate_gold_ore":19,"minecraft:blue_bed":1,"minecraft:wall_torch":1,"minecraft:skeleton_skull":3,"farmersdelight:wild_beetroots":21,"farmersdelight:sandy_shrub":6,"minecraft:coarse_dirt":6,"minecraft:sweet_berry_bush":19,"minecraft:birch_log":22,"minecraft:wheat":49,"iter_rpg:abyss_quartz":2,"born_in_chaos_v1:river_mint":1,"minecraft:bee_nest":1,"minecraft:wither_rose":1,"minecraft:grass":288,"iceandfire:dread_stone_bricks_mossy":1,"iter_rpg:spider_egg":1,"minecraft:oak_log":50,"minecraft:coal_ore":8,"minecraft:sand":2,"minecraft:dirt":69,"minecraft:cobweb":3,"minecraft:oak_leaves":98,"minecraft:deepslate":10,"minecraft:fern":7},"minecraft:used":{"minecraft:beetroot":2,"minecraft:iron_sword":424,"minecraft:cooked_chicken":3,"minecraft:torch":31,"minecraft:dirt":97,"minecraft:mutton":4,"iceandfire:copper_sword":46,"minecraft:allium":41,"minecraft:carrot":17,"iter_rpg:etherbloom":8,"minecraft:wooden_axe":145,"born_in_chaos_v1:corpse_maggot":1,"minecraft:lava_bucket":71,"minecraft:birch_sapling":5,"born_in_chaos_v1:intoxicating_dagger":155,"minecraft:melon_seeds":10,"minecraft:oak_sapling":15,"minecraft:furnace":1,"minecraft:egg":6,"minecraft:potato":9,"minecraft:cooked_beef":1,"minecraft:cobbled_deepslate":6,"minecraft:wheat_seeds":100,"minecraft:cooked_mutton":7,"minecraft:water_bucket":5,"farmersdelight:skillet":18,"minecraft:birch_planks":9,"minecraft:baked_potato":28,"minecraft:stone_pickaxe":18,"minecraft:oak_planks":36,"minecraft:wooden_pickaxe":56,"minecraft:salmon":1,"minecraft:oak_leaves":1,"minecraft:golden_apple":1,"farmersdelight:onion":28,"minecraft:crafting_table":5,"minecraft:crossbow":28,"minecraft:cod":1,"minecraft:oak_log":6,"minecraft:wooden_hoe":72,"minecraft:chicken":2,"minecraft:iron_pickaxe":32,"minecraft:melon_slice":18,"minecraft:bread":6,"born_in_chaos_v1:marigolds":19,"minecraft:cobblestone":7,"born_in_chaos_v1:river_mint":2,"minecraft:cooked_porkchop":2,"minecraft:bucket":76,"minecraft:birch_log":2,"minecraft:coarse_dirt":3,"minecraft:golden_pickaxe":1,"minecraft:cobweb":3},"minecraft:broken":{"minecraft:diamond_chestplate":1,"minecraft:iron_boots":1,"minecraft:diamond_leggings":1,"minecraft:diamond_boots":1,"minecraft:iron_helmet":1,"minecraft:wooden_axe":1,"minecraft:wooden_hoe":1},"minecraft:killed_by":{"minecraft:player":1,"born_in_chaos_v1:nightmare_stalker":4,"irons_spellbooks:summoned_skeleton":1,"minecraft:creeper":1,"iceandfire:siren":1,"minecraft:pillager":2,"minecraft:vindicator":1,"minecraft:cave_spider":1,"minecraft:skeleton":2,"born_in_chaos_v1:corpse_fish":1,"iceandfire:ghost":1,"minecraft:vex":5}},"DataVersion":3465}