{"stats":{"minecraft:killed_by":{"minecraft:player":1,"born_in_chaos_v1:nightmare_stalker":3,"irons_spellbooks:summoned_skeleton":1,"minecraft:creeper":1,"iceandfire:siren":1,"minecraft:pillager":1,"minecraft:vindicator":1,"minecraft:cave_spider":1,"minecraft:skeleton":1,"minecraft:vex":5},"minecraft:crafted":{"minecraft:oak_planks":16,"minecraft:cooked_chicken":9,"minecraft:furnace":1,"minecraft:cooked_mutton":5,"minecraft:stone_pickaxe":1,"minecraft:cooked_beef":1,"minecraft:cooked_porkchop":2,"minecraft:crafting_table":2,"minecraft:wooden_pickaxe":1,"minecraft:bucket":1,"minecraft:birch_planks":64,"minecraft:bread":2,"minecraft:wooden_hoe":2,"minecraft:stick":16,"minecraft:iron_pickaxe":1,"minecraft:iron_ingot":6,"minecraft:wooden_axe":2,"minecraft:gold_ingot":22,"minecraft:torch":40},"minecraft:used":{"minecraft:beetroot":1,"minecraft:iron_sword":285,"minecraft:cooked_chicken":3,"minecraft:torch":27,"minecraft:dirt":82,"minecraft:mutton":4,"minecraft:carrot":3,"minecraft:allium":41,"iter_rpg:etherbloom":8,"born_in_chaos_v1:corpse_maggot":1,"minecraft:wooden_axe":145,"minecraft:lava_bucket":60,"minecraft:birch_sapling":5,"minecraft:melon_seeds":8,"minecraft:oak_sapling":15,"minecraft:furnace":1,"minecraft:egg":5,"minecraft:cooked_beef":1,"minecraft:cobbled_deepslate":6,"minecraft:wheat_seeds":99,"minecraft:cooked_mutton":7,"minecraft:water_bucket":5,"farmersdelight:skillet":18,"minecraft:birch_planks":9,"minecraft:stone_pickaxe":18,"minecraft:baked_potato":26,"minecraft:wooden_pickaxe":56,"minecraft:golden_apple":1,"farmersdelight:onion":19,"minecraft:crafting_table":5,"minecraft:crossbow":28,"minecraft:wooden_hoe":72,"minecraft:chicken":2,"minecraft:bread":6,"minecraft:iron_pickaxe":30,"born_in_chaos_v1:marigolds":19,"minecraft:cobblestone":7,"born_in_chaos_v1:river_mint":2,"minecraft:cooked_porkchop":2,"minecraft:bucket":66,"minecraft:birch_log":2,"minecraft:coarse_dirt":3,"minecraft:cobweb":3},"minecraft:mined":{"minecraft:red_carpet":1,"minecraft:deepslate_diamond_ore":2,"farmersdelight:wild_carrots":17,"gravestone:gravestone":14,"minecraft:allium":13,"minecraft:grass_block":38,"minecraft:spruce_leaves":11,"minecraft:rooted_dirt":2,"minecraft:large_fern":2,"farmersdelight:wild_onions":23,"minecraft:packed_mud":2,"minecraft:fire":3,"iter_rpg:etherbloom":8,"minecraft:deepslate_lapis_ore":7,"iceandfire:gold_pile":23,"minecraft:deepslate_iron_ore":8,"minecraft:dirt_path":1,"minecraft:stone":17,"minecraft:podzol":1,"born_in_chaos_v1:marigolds":20,"minecraft:crafting_table":4,"born_in_chaos_v1:infected_deepslate_diamond_ore":1,"minecraft:rose_bush":17,"minecraft:tall_grass":60,"minecraft:deepslate_gold_ore":19,"minecraft:wall_torch":1,"farmersdelight:wild_beetroots":12,"farmersdelight:sandy_shrub":1,"minecraft:coarse_dirt":6,"minecraft:birch_log":22,"minecraft:wheat":47,"minecraft:sweet_berry_bush":18,"iter_rpg:abyss_quartz":2,"born_in_chaos_v1:river_mint":1,"minecraft:bee_nest":1,"minecraft:grass":232,"minecraft:oak_log":47,"minecraft:coal_ore":8,"iter_rpg:spider_egg":1,"minecraft:dirt":54,"minecraft:cobweb":2,"minecraft:oak_leaves":77,"minecraft:deepslate":10,"minecraft:fern":2},"minecraft:custom":{"minecraft:mob_kills":43,"minecraft:interact_with_crafting_table":20,"minecraft:open_barrel":22,"minecraft:damage_dealt_resisted":1624,"minecraft:leave_game":1,"minecraft:time_since_death":1744,"minecraft:climb_one_cm":1925,"minecraft:sprint_one_cm":515286,"minecraft:walk_one_cm":778814,"minecraft:drop":85,"minecraft:play_time":222852,"minecraft:deaths":18,"minecraft:sneak_time":2006,"minecraft:walk_under_water_one_cm":16778,"minecraft:jump":2730,"minecraft:walk_on_water_one_cm":45938,"minecraft:total_world_time":222852,"minecraft:interact_with_furnace":15,"minecraft:sleep_in_bed":10,"minecraft:time_since_rest":1794,"minecraft:waystone_activated":2,"minecraft:damage_taken":7858,"minecraft:damage_dealt":6974,"minecraft:swim_one_cm":31912,"minecraft:fly_one_cm":348156,"minecraft:player_kills":1,"minecraft:open_chest":23,"minecraft:crouch_one_cm":4932,"minecraft:fall_one_cm":83032},"minecraft:picked_up":{"minecraft:coarse_dirt":4,"minecraft:crafting_table":4,"minecraft:iron_chestplate":1,"minecraft:wheat":47,"minecraft:allium":63,"minecraft:chicken":12,"born_in_chaos_v1:river_mint":2,"gravestone:obituary":12,"minecraft:string":7,"iter_rpg:etherbloom":8,"minecraft:iron_leggings":1,"minecraft:beetroot":1,"minecraft:gold_nugget":202,"minecraft:cobbled_deepslate":7,"minecraft:bucket":1,"minecraft:beef":3,"minecraft:rose_bush":17,"minecraft:iron_pickaxe":1,"minecraft:birch_sapling":5,"farmersdelight:cabbage_seeds":1,"minecraft:iron_boots":1,"minecraft:egg":5,"minecraft:stick":10,"minecraft:raw_iron":8,"minecraft:torch":1,"minecraft:porkchop":2,"minecraft:carrot":17,"minecraft:rotten_flesh":17,"minecraft:arrow":5,"minecraft:beetroot_seeds":12,"farmersdelight:onion":21,"minecraft:mutton":9,"minecraft:white_wool":9,"minecraft:cobblestone":18,"minecraft:birch_log":18,"born_in_chaos_v1:corpse_maggot":1,"minecraft:feather":13,"minecraft:jungle_log":1,"minecraft:leather":1,"minecraft:packed_mud":2,"minecraft:oak_log":48,"minecraft:dirt":84,"minecraft:lapis_lazuli":44,"skilltree:gem":4,"born_in_chaos_v1:marigolds":19,"minecraft:cooked_mutton":5,"minecraft:bone":6,"minecraft:wheat_seeds":147,"minecraft:raw_gold":19,"minecraft:iron_sword":1,"minecraft:sweet_berries":37,"minecraft:spider_eye":1,"born_in_chaos_v1:fire_dust":3,"minecraft:diamond":2,"iter_rpg:abyssquartz_shard":4,"minecraft:iron_helmet":1,"minecraft:crossbow":2,"minecraft:rooted_dirt":2,"minecraft:baked_potato":64,"born_in_chaos_v1:rotten_fish":2,"minecraft:oak_sapling":22,"minecraft:coal":8},"minecraft:killed":{"minecraft:cave_spider":2,"born_in_chaos_v1:zombie_lumberjack":1,"born_in_chaos_v1:maggot":3,"minecraft:skeleton":2,"minecraft:chicken":8,"born_in_chaos_v1:corpse_fish":1,"minecraft:pig":1,"minecraft:zombie_villager":1,"iter_rpg:spiderling":1,"born_in_chaos_v1:decrepit_skeleton":3,"minecraft:sheep":6,"minecraft:pillager":1,"minecraft:zombie":8,"iter_rpg:bloated":1,"minecraft:cow":2},"minecraft:dropped":{"born_in_chaos_v1:shattered_skull":1,"minecraft:wheat_seeds":3,"minecraft:crafting_table":1,"minecraft:crossbow":1,"minecraft:book":2,"minecraft:dirt":1,"minecraft:wooden_axe":1,"gravestone:obituary":24,"minecraft:cooked_chicken":2,"farmersdelight:cabbage_seeds":1,"minecraft:rotten_flesh":17,"minecraft:oak_planks":2,"minecraft:cooked_mutton":3,"minecraft:allium":22,"minecraft:oak_sapling":7,"minecraft:arrow":1,"minecraft:beef":1,"iceandfire:manuscript":1},"minecraft:broken":{"minecraft:wooden_axe":1,"minecraft:wooden_hoe":1}},"DataVersion":3465}