{"stats":{"minecraft:dropped":{"gravestone:obituary":1},"minecraft:crafted":{"minecraft:oak_planks":16,"minecraft:crafting_table":1,"minecraft:stick":8,"minecraft:wooden_pickaxe":1,"minecraft:wooden_axe":1,"minecraft:furnace":1,"minecraft:torch":4},"minecraft:used":{"minecraft:wooden_axe":53,"minecraft:birch_sapling":3,"minecraft:wooden_pickaxe":33,"minecraft:iron_sword":34,"minecraft:torch":4,"farmersdelight:onion":19,"minecraft:dirt":5,"minecraft:crafting_table":2,"born_in_chaos_v1:river_mint":2,"minecraft:oak_sapling":15,"iter_rpg:etherbloom":1},"minecraft:picked_up":{"minecraft:iron_chestplate":1,"minecraft:birch_log":13,"minecraft:stick":10,"minecraft:crafting_table":1,"minecraft:allium":38,"minecraft:feather":4,"minecraft:chicken":5,"born_in_chaos_v1:river_mint":2,"minecraft:leather":1,"minecraft:porkchop":2,"minecraft:oak_log":38,"gravestone:obituary":1,"minecraft:iron_leggings":1,"minecraft:string":1,"skilltree:gem":1,"minecraft:dirt":6,"iter_rpg:etherbloom":6,"born_in_chaos_v1:marigolds":16,"minecraft:wheat_seeds":20,"farmersdelight:onion":13,"minecraft:iron_helmet":1,"minecraft:beef":1,"minecraft:rose_bush":17,"minecraft:oak_sapling":15,"minecraft:coal":8,"minecraft:mutton":5,"minecraft:birch_sapling":3,"minecraft:iron_sword":1,"minecraft:iron_boots":1,"minecraft:white_wool":3,"minecraft:cobblestone":17,"minecraft:egg":3},"minecraft:custom":{"minecraft:time_since_rest":318,"minecraft:waystone_activated":1,"minecraft:sprint_one_cm":90424,"minecraft:damage_taken":300,"minecraft:walk_one_cm":192419,"minecraft:mob_kills":11,"minecraft:drop":1,"minecraft:damage_dealt":763,"minecraft:interact_with_crafting_table":5,"minecraft:fly_one_cm":78188,"minecraft:open_chest":4,"minecraft:open_barrel":9,"minecraft:crouch_one_cm":189,"minecraft:play_time":52915,"minecraft:sneak_time":60,"minecraft:walk_under_water_one_cm":1268,"minecraft:jump":634,"minecraft:walk_on_water_one_cm":2145,"minecraft:time_since_death":52915,"minecraft:sleep_in_bed":2,"minecraft:total_world_time":52915,"minecraft:fall_one_cm":20045},"minecraft:killed":{"minecraft:sheep":3,"minecraft:pig":1,"minecraft:chicken":5,"iter_rpg:bloated":1,"minecraft:cow":1},"minecraft:mined":{"farmersdelight:wild_onions":13,"born_in_chaos_v1:marigolds":16,"minecraft:birch_log":13,"iter_rpg:etherbloom":6,"born_in_chaos_v1:river_mint":1,"minecraft:bee_nest":1,"minecraft:crafting_table":1,"minecraft:coal_ore":8,"minecraft:grass":166,"minecraft:allium":9,"minecraft:grass_block":2,"minecraft:oak_log":38,"minecraft:rose_bush":17,"minecraft:dirt":4,"minecraft:cobweb":1,"minecraft:tall_grass":45,"minecraft:stone":17,"minecraft:oak_leaves":7}},"DataVersion":3465}