{"stats":{"minecraft:dropped":{"gravestone:obituary":1},"minecraft:crafted":{"minecraft:oak_planks":16,"minecraft:crafting_table":1,"minecraft:stick":8,"minecraft:wooden_pickaxe":1,"minecraft:wooden_axe":1},"minecraft:used":{"minecraft:wooden_axe":53,"minecraft:birch_sapling":3,"farmersdelight:onion":13,"minecraft:crafting_table":1,"born_in_chaos_v1:river_mint":2,"minecraft:oak_sapling":15},"minecraft:picked_up":{"minecraft:birch_log":13,"minecraft:stick":10,"minecraft:crafting_table":1,"minecraft:allium":38,"born_in_chaos_v1:river_mint":2,"minecraft:oak_log":38,"gravestone:obituary":1,"minecraft:wheat_seeds":13,"farmersdelight:onion":13,"minecraft:rose_bush":17,"minecraft:oak_sapling":15,"minecraft:birch_sapling":3,"minecraft:iron_sword":1},"minecraft:custom":{"minecraft:time_since_rest":17520,"minecraft:waystone_activated":1,"minecraft:sprint_one_cm":48852,"minecraft:damage_taken":180,"minecraft:walk_one_cm":109576,"minecraft:drop":1,"minecraft:interact_with_crafting_table":2,"minecraft:fly_one_cm":39748,"minecraft:open_barrel":1,"minecraft:crouch_one_cm":189,"minecraft:play_time":28915,"minecraft:sneak_time":51,"minecraft:walk_under_water_one_cm":889,"minecraft:jump":316,"minecraft:walk_on_water_one_cm":699,"minecraft:time_since_death":28915,"minecraft:sleep_in_bed":1,"minecraft:total_world_time":28915,"minecraft:fall_one_cm":10516},"minecraft:mined":{"farmersdelight:wild_onions":13,"minecraft:birch_log":13,"born_in_chaos_v1:river_mint":1,"minecraft:bee_nest":1,"minecraft:crafting_table":1,"minecraft:grass":150,"minecraft:allium":9,"minecraft:oak_log":38,"minecraft:rose_bush":17,"minecraft:tall_grass":39,"minecraft:oak_leaves":2}},"DataVersion":3465}