{"stats":{"minecraft:dropped":{"born_in_chaos_v1:shattered_skull":1,"minecraft:wheat_seeds":2,"minecraft:cooked_chicken":2,"minecraft:book":2,"minecraft:rotten_flesh":6,"minecraft:oak_planks":2,"minecraft:cooked_mutton":3,"minecraft:dirt":1,"minecraft:wooden_axe":1,"gravestone:obituary":16,"minecraft:beef":1,"iceandfire:manuscript":1},"minecraft:used":{"minecraft:wheat_seeds":50,"minecraft:cooked_mutton":6,"minecraft:wooden_pickaxe":56,"minecraft:iron_sword":112,"minecraft:cooked_chicken":3,"minecraft:torch":4,"farmersdelight:onion":19,"minecraft:dirt":81,"minecraft:crafting_table":3,"minecraft:crossbow":20,"iter_rpg:etherbloom":1,"born_in_chaos_v1:corpse_maggot":1,"minecraft:wooden_axe":145,"minecraft:wooden_hoe":60,"minecraft:chicken":1,"minecraft:birch_sapling":5,"minecraft:cooked_porkchop":2,"minecraft:oak_sapling":15,"born_in_chaos_v1:river_mint":2,"minecraft:furnace":1,"minecraft:birch_log":2,"minecraft:egg":5,"minecraft:cobweb":3},"minecraft:crafted":{"minecraft:cooked_beef":1,"minecraft:oak_planks":16,"minecraft:cooked_porkchop":2,"minecraft:crafting_table":2,"minecraft:cooked_chicken":5,"minecraft:wooden_pickaxe":1,"minecraft:furnace":1,"minecraft:birch_planks":52,"minecraft:bread":2,"minecraft:cooked_mutton":5,"minecraft:wooden_hoe":2,"minecraft:stick":8,"minecraft:wooden_axe":2,"minecraft:gold_ingot":22,"minecraft:torch":4},"minecraft:picked_up":{"minecraft:birch_log":18,"born_in_chaos_v1:corpse_maggot":1,"minecraft:crafting_table":2,"minecraft:iron_chestplate":1,"minecraft:allium":38,"minecraft:feather":9,"minecraft:chicken":10,"born_in_chaos_v1:river_mint":2,"minecraft:leather":1,"minecraft:oak_log":47,"gravestone:obituary":11,"skilltree:gem":1,"minecraft:dirt":82,"minecraft:string":4,"iter_rpg:etherbloom":8,"minecraft:cooked_mutton":5,"minecraft:iron_leggings":1,"born_in_chaos_v1:marigolds":19,"minecraft:wheat_seeds":24,"minecraft:gold_nugget":202,"minecraft:beef":3,"minecraft:rose_bush":17,"minecraft:birch_sapling":5,"minecraft:iron_sword":1,"minecraft:iron_boots":1,"minecraft:egg":5,"minecraft:stick":10,"minecraft:porkchop":2,"minecraft:carrot":9,"minecraft:rotten_flesh":6,"farmersdelight:onion":13,"minecraft:iron_helmet":1,"minecraft:crossbow":1,"minecraft:oak_sapling":17,"minecraft:mutton":5,"minecraft:coal":8,"minecraft:white_wool":6,"minecraft:cobblestone":18},"minecraft:broken":{"minecraft:wooden_axe":1,"minecraft:wooden_hoe":1},"minecraft:custom":{"minecraft:interact_with_furnace":10,"minecraft:mob_kills":21,"minecraft:interact_with_crafting_table":12,"minecraft:open_barrel":19,"minecraft:damage_dealt_resisted":1085,"minecraft:time_since_death":17808,"minecraft:sleep_in_bed":7,"minecraft:climb_one_cm":1035,"minecraft:time_since_rest":0,"minecraft:waystone_activated":1,"minecraft:sprint_one_cm":237162,"minecraft:damage_taken":3174,"minecraft:walk_one_cm":411740,"minecraft:drop":34,"minecraft:damage_dealt":2497,"minecraft:swim_one_cm":6514,"minecraft:fly_one_cm":167196,"minecraft:open_chest":18,"minecraft:crouch_one_cm":1004,"minecraft:play_time":112915,"minecraft:deaths":8,"minecraft:sneak_time":465,"minecraft:walk_under_water_one_cm":4367,"minecraft:jump":1419,"minecraft:walk_on_water_one_cm":10585,"minecraft:total_world_time":112915,"minecraft:fall_one_cm":47548},"minecraft:killed":{"minecraft:cave_spider":2,"minecraft:pig":1,"born_in_chaos_v1:maggot":2,"minecraft:sheep":3,"minecraft:pillager":1,"minecraft:zombie":2,"minecraft:chicken":6,"iter_rpg:bloated":1,"minecraft:cow":2},"minecraft:mined":{"minecraft:red_carpet":1,"born_in_chaos_v1:marigolds":20,"farmersdelight:wild_carrots":9,"minecraft:crafting_table":2,"gravestone:gravestone":7,"minecraft:allium":9,"minecraft:grass_block":33,"minecraft:rose_bush":17,"minecraft:tall_grass":52,"farmersdelight:wild_onions":13,"minecraft:coarse_dirt":2,"minecraft:birch_log":22,"iter_rpg:etherbloom":8,"born_in_chaos_v1:river_mint":1,"minecraft:bee_nest":1,"minecraft:grass":199,"minecraft:oak_log":47,"minecraft:coal_ore":8,"iceandfire:gold_pile":23,"minecraft:dirt_path":1,"minecraft:dirt":49,"minecraft:cobweb":1,"minecraft:stone":17,"minecraft:oak_leaves":76},"minecraft:killed_by":{"minecraft:cave_spider":1,"minecraft:pillager":1,"minecraft:vex":5}},"DataVersion":3465}