{"stats":{"minecraft:used":{"minecraft:wooden_pickaxe":33,"minecraft:iron_sword":35,"minecraft:torch":4,"farmersdelight:onion":19,"minecraft:dirt":19,"minecraft:crafting_table":2,"iter_rpg:etherbloom":1,"minecraft:wooden_axe":67,"minecraft:birch_sapling":3,"minecraft:cooked_porkchop":2,"minecraft:oak_sapling":15,"born_in_chaos_v1:river_mint":2,"minecraft:furnace":1,"minecraft:egg":3},"minecraft:dropped":{"minecraft:cooked_chicken":2,"minecraft:cooked_mutton":3,"minecraft:dirt":1,"gravestone:obituary":1},"minecraft:crafted":{"minecraft:oak_planks":16,"minecraft:cooked_porkchop":2,"minecraft:crafting_table":1,"minecraft:cooked_chicken":5,"minecraft:wooden_pickaxe":1,"minecraft:furnace":1,"minecraft:birch_planks":52,"minecraft:cooked_mutton":5,"minecraft:stick":8,"minecraft:wooden_axe":1,"minecraft:torch":4},"minecraft:picked_up":{"minecraft:birch_log":13,"minecraft:crafting_table":1,"minecraft:iron_chestplate":1,"minecraft:allium":38,"minecraft:feather":4,"minecraft:chicken":5,"born_in_chaos_v1:river_mint":2,"minecraft:leather":1,"minecraft:oak_log":38,"gravestone:obituary":2,"skilltree:gem":1,"minecraft:dirt":21,"minecraft:string":1,"iter_rpg:etherbloom":7,"minecraft:iron_leggings":1,"born_in_chaos_v1:marigolds":16,"minecraft:wheat_seeds":21,"minecraft:beef":1,"minecraft:rose_bush":17,"minecraft:birch_sapling":3,"minecraft:iron_sword":1,"minecraft:iron_boots":1,"minecraft:egg":3,"minecraft:stick":10,"minecraft:porkchop":2,"minecraft:carrot":9,"farmersdelight:onion":13,"minecraft:iron_helmet":1,"minecraft:oak_sapling":15,"minecraft:mutton":5,"minecraft:coal":8,"minecraft:white_wool":3,"minecraft:cobblestone":18},"minecraft:custom":{"minecraft:interact_with_furnace":7,"minecraft:mob_kills":11,"minecraft:interact_with_crafting_table":6,"minecraft:open_barrel":9,"minecraft:time_since_death":2009,"minecraft:sleep_in_bed":2,"minecraft:climb_one_cm":1035,"minecraft:time_since_rest":2043,"minecraft:waystone_activated":1,"minecraft:sprint_one_cm":119181,"minecraft:damage_taken":594,"minecraft:walk_one_cm":226141,"minecraft:drop":7,"minecraft:damage_dealt":823,"minecraft:fly_one_cm":103739,"minecraft:open_chest":6,"minecraft:crouch_one_cm":259,"minecraft:play_time":64915,"minecraft:deaths":1,"minecraft:sneak_time":92,"minecraft:walk_under_water_one_cm":1921,"minecraft:jump":810,"minecraft:walk_on_water_one_cm":3180,"minecraft:total_world_time":64915,"minecraft:fall_one_cm":25413},"minecraft:killed":{"minecraft:pig":1,"minecraft:sheep":3,"minecraft:chicken":5,"iter_rpg:bloated":1,"minecraft:cow":1},"minecraft:mined":{"born_in_chaos_v1:marigolds":16,"farmersdelight:wild_carrots":9,"minecraft:crafting_table":1,"minecraft:allium":9,"minecraft:grass_block":3,"minecraft:rose_bush":17,"minecraft:tall_grass":45,"farmersdelight:wild_onions":13,"minecraft:birch_log":13,"iter_rpg:etherbloom":7,"born_in_chaos_v1:river_mint":1,"minecraft:bee_nest":1,"minecraft:grass":170,"minecraft:oak_log":38,"minecraft:coal_ore":8,"minecraft:dirt_path":1,"minecraft:dirt":16,"minecraft:cobweb":1,"minecraft:stone":17,"minecraft:oak_leaves":7},"minecraft:killed_by":{"minecraft:vex":1}},"DataVersion":3465}