{"stats":{"minecraft:dropped":{"gravestone:obituary":1},"minecraft:crafted":{"minecraft:oak_planks":16,"minecraft:crafting_table":1,"minecraft:stick":8,"minecraft:wooden_pickaxe":1,"minecraft:wooden_axe":1},"minecraft:used":{"minecraft:wooden_axe":53,"minecraft:birch_sapling":3,"minecraft:iron_sword":23,"farmersdelight:onion":19,"minecraft:dirt":5,"minecraft:crafting_table":1,"born_in_chaos_v1:river_mint":2,"minecraft:oak_sapling":15,"iter_rpg:etherbloom":1},"minecraft:picked_up":{"minecraft:birch_log":13,"minecraft:stick":10,"minecraft:crafting_table":1,"minecraft:allium":38,"minecraft:feather":4,"minecraft:chicken":5,"born_in_chaos_v1:river_mint":2,"minecraft:oak_log":38,"gravestone:obituary":1,"minecraft:dirt":5,"iter_rpg:etherbloom":2,"born_in_chaos_v1:marigolds":16,"minecraft:wheat_seeds":20,"farmersdelight:onion":13,"minecraft:rose_bush":17,"minecraft:oak_sapling":15,"minecraft:mutton":2,"minecraft:birch_sapling":3,"minecraft:iron_sword":1,"minecraft:white_wool":1,"minecraft:egg":3},"minecraft:custom":{"minecraft:time_since_rest":29520,"minecraft:waystone_activated":1,"minecraft:sprint_one_cm":67250,"minecraft:damage_taken":220,"minecraft:walk_one_cm":127447,"minecraft:mob_kills":7,"minecraft:drop":1,"minecraft:damage_dealt":400,"minecraft:interact_with_crafting_table":2,"minecraft:fly_one_cm":63617,"minecraft:open_barrel":1,"minecraft:crouch_one_cm":189,"minecraft:play_time":40915,"minecraft:sneak_time":51,"minecraft:walk_under_water_one_cm":1200,"minecraft:jump":437,"minecraft:walk_on_water_one_cm":1120,"minecraft:time_since_death":40915,"minecraft:sleep_in_bed":1,"minecraft:total_world_time":40915,"minecraft:fall_one_cm":14856},"minecraft:killed":{"minecraft:sheep":1,"minecraft:chicken":5,"iter_rpg:bloated":1},"minecraft:mined":{"farmersdelight:wild_onions":13,"born_in_chaos_v1:marigolds":16,"minecraft:birch_log":13,"iter_rpg:etherbloom":2,"born_in_chaos_v1:river_mint":1,"minecraft:bee_nest":1,"minecraft:crafting_table":1,"minecraft:grass":166,"minecraft:allium":9,"minecraft:grass_block":1,"minecraft:oak_log":38,"minecraft:rose_bush":17,"minecraft:dirt":4,"minecraft:tall_grass":45,"minecraft:oak_leaves":2}},"DataVersion":3465}