{"stats":{"minecraft:used":{"minecraft:iron_sword":225,"minecraft:cooked_chicken":3,"minecraft:torch":27,"minecraft:dirt":81,"minecraft:allium":41,"iter_rpg:etherbloom":8,"born_in_chaos_v1:corpse_maggot":1,"minecraft:wooden_axe":145,"minecraft:lava_bucket":47,"minecraft:birch_sapling":5,"minecraft:melon_seeds":8,"minecraft:furnace":1,"minecraft:oak_sapling":15,"minecraft:egg":5,"minecraft:cobbled_deepslate":4,"minecraft:wheat_seeds":52,"minecraft:cooked_mutton":7,"minecraft:water_bucket":5,"minecraft:birch_planks":9,"minecraft:stone_pickaxe":18,"minecraft:baked_potato":17,"minecraft:wooden_pickaxe":56,"farmersdelight:onion":19,"minecraft:crafting_table":5,"minecraft:crossbow":26,"minecraft:wooden_hoe":72,"minecraft:chicken":1,"minecraft:bread":4,"minecraft:iron_pickaxe":23,"born_in_chaos_v1:marigolds":19,"minecraft:cobblestone":7,"born_in_chaos_v1:river_mint":2,"minecraft:cooked_porkchop":2,"minecraft:birch_log":2,"minecraft:bucket":53,"minecraft:cobweb":3},"minecraft:dropped":{"born_in_chaos_v1:shattered_skull":1,"minecraft:wheat_seeds":2,"minecraft:crossbow":1,"minecraft:book":2,"minecraft:dirt":1,"minecraft:wooden_axe":1,"gravestone:obituary":21,"minecraft:cooked_chicken":2,"minecraft:rotten_flesh":17,"minecraft:oak_planks":2,"minecraft:cooked_mutton":3,"minecraft:oak_sapling":7,"minecraft:arrow":1,"minecraft:beef":1,"iceandfire:manuscript":1},"minecraft:crafted":{"minecraft:oak_planks":16,"minecraft:cooked_chicken":9,"minecraft:furnace":1,"minecraft:cooked_mutton":5,"minecraft:stone_pickaxe":1,"minecraft:cooked_beef":1,"minecraft:cooked_porkchop":2,"minecraft:crafting_table":2,"minecraft:wooden_pickaxe":1,"minecraft:bucket":1,"minecraft:birch_planks":64,"minecraft:bread":2,"minecraft:wooden_hoe":2,"minecraft:stick":16,"minecraft:iron_ingot":6,"minecraft:iron_pickaxe":1,"minecraft:wooden_axe":2,"minecraft:gold_ingot":22,"minecraft:torch":40},"minecraft:picked_up":{"minecraft:iron_chestplate":1,"minecraft:crafting_table":4,"minecraft:allium":41,"minecraft:chicken":10,"born_in_chaos_v1:river_mint":2,"gravestone:obituary":11,"minecraft:string":7,"iter_rpg:etherbloom":8,"minecraft:iron_leggings":1,"minecraft:gold_nugget":202,"minecraft:cobbled_deepslate":5,"minecraft:beef":3,"minecraft:rose_bush":17,"minecraft:birch_sapling":5,"minecraft:iron_boots":1,"minecraft:egg":5,"minecraft:stick":10,"minecraft:raw_iron":7,"minecraft:torch":1,"minecraft:porkchop":2,"minecraft:carrot":9,"minecraft:arrow":3,"minecraft:rotten_flesh":17,"farmersdelight:onion":13,"minecraft:mutton":5,"minecraft:white_wool":6,"minecraft:cobblestone":18,"minecraft:birch_log":18,"born_in_chaos_v1:corpse_maggot":1,"minecraft:feather":9,"minecraft:leather":1,"minecraft:oak_log":47,"skilltree:gem":3,"minecraft:lapis_lazuli":44,"minecraft:dirt":82,"born_in_chaos_v1:marigolds":19,"minecraft:cooked_mutton":5,"minecraft:bone":4,"minecraft:wheat_seeds":25,"minecraft:raw_gold":18,"minecraft:iron_sword":1,"minecraft:spider_eye":1,"minecraft:iron_helmet":1,"minecraft:crossbow":2,"minecraft:baked_potato":64,"minecraft:oak_sapling":22,"born_in_chaos_v1:rotten_fish":2,"minecraft:coal":8},"minecraft:broken":{"minecraft:wooden_axe":1,"minecraft:wooden_hoe":1},"minecraft:custom":{"minecraft:mob_kills":36,"minecraft:interact_with_crafting_table":20,"minecraft:open_barrel":22,"minecraft:damage_dealt_resisted":1533,"minecraft:time_since_death":11422,"minecraft:climb_one_cm":1035,"minecraft:sprint_one_cm":349073,"minecraft:walk_one_cm":607698,"minecraft:drop":57,"minecraft:play_time":172915,"minecraft:sneak_time":1881,"minecraft:deaths":13,"minecraft:walk_under_water_one_cm":10046,"minecraft:jump":2024,"minecraft:walk_on_water_one_cm":27053,"minecraft:total_world_time":172915,"minecraft:interact_with_furnace":15,"minecraft:sleep_in_bed":10,"minecraft:time_since_rest":11456,"minecraft:waystone_activated":2,"minecraft:damage_taken":5742,"minecraft:damage_dealt":5724,"minecraft:swim_one_cm":9241,"minecraft:fly_one_cm":234835,"minecraft:open_chest":23,"minecraft:crouch_one_cm":4585,"minecraft:fall_one_cm":65002},"minecraft:killed":{"minecraft:cave_spider":2,"born_in_chaos_v1:maggot":3,"minecraft:skeleton":1,"minecraft:chicken":6,"born_in_chaos_v1:corpse_fish":1,"minecraft:pig":1,"minecraft:zombie_villager":1,"iter_rpg:spiderling":1,"born_in_chaos_v1:decrepit_skeleton":3,"minecraft:sheep":3,"minecraft:pillager":1,"minecraft:zombie":8,"iter_rpg:bloated":1,"minecraft:cow":2},"minecraft:mined":{"minecraft:red_carpet":1,"farmersdelight:wild_carrots":9,"gravestone:gravestone":12,"minecraft:allium":12,"minecraft:grass_block":33,"farmersdelight:wild_onions":13,"iter_rpg:etherbloom":8,"minecraft:deepslate_lapis_ore":7,"minecraft:dirt_path":1,"iceandfire:gold_pile":23,"minecraft:deepslate_iron_ore":7,"minecraft:stone":17,"born_in_chaos_v1:marigolds":20,"minecraft:crafting_table":4,"minecraft:rose_bush":17,"minecraft:tall_grass":52,"minecraft:deepslate_gold_ore":18,"minecraft:wall_torch":1,"minecraft:coarse_dirt":2,"minecraft:birch_log":22,"born_in_chaos_v1:river_mint":1,"minecraft:bee_nest":1,"minecraft:grass":201,"minecraft:coal_ore":8,"minecraft:oak_log":47,"iter_rpg:spider_egg":1,"minecraft:dirt":49,"minecraft:cobweb":2,"minecraft:oak_leaves":77,"minecraft:deepslate":8},"minecraft:killed_by":{"born_in_chaos_v1:nightmare_stalker":2,"irons_spellbooks:summoned_skeleton":1,"minecraft:creeper":1,"minecraft:pillager":1,"minecraft:cave_spider":1,"minecraft:skeleton":1,"minecraft:vex":5}},"DataVersion":3465}