{"stats":{"minecraft:crafted":{"minecraft:oak_planks":16,"minecraft:crafting_table":1,"minecraft:stick":8,"minecraft:wooden_pickaxe":1,"minecraft:wooden_axe":1},"minecraft:used":{"minecraft:wooden_axe":13,"minecraft:crafting_table":1,"minecraft:oak_sapling":4,"born_in_chaos_v1:river_mint":2},"minecraft:dropped":{"gravestone:obituary":1},"minecraft:picked_up":{"minecraft:stick":3,"minecraft:crafting_table":1,"born_in_chaos_v1:river_mint":2,"minecraft:wheat_seeds":13,"minecraft:oak_log":15,"gravestone:obituary":1,"minecraft:oak_sapling":4,"minecraft:iron_sword":1},"minecraft:custom":{"minecraft:open_barrel":1,"minecraft:time_since_rest":5520,"minecraft:waystone_activated":1,"minecraft:crouch_one_cm":89,"minecraft:play_time":16915,"minecraft:sprint_one_cm":36340,"minecraft:damage_taken":110,"minecraft:walk_one_cm":56147,"minecraft:sneak_time":26,"minecraft:walk_under_water_one_cm":889,"minecraft:drop":1,"minecraft:jump":203,"minecraft:time_since_death":16915,"minecraft:walk_on_water_one_cm":699,"minecraft:sleep_in_bed":1,"minecraft:total_world_time":16915,"minecraft:interact_with_crafting_table":2,"minecraft:fall_one_cm":6590,"minecraft:fly_one_cm":32352},"minecraft:mined":{"minecraft:grass":144,"minecraft:oak_log":15,"minecraft:tall_grass":39,"born_in_chaos_v1:river_mint":1,"minecraft:crafting_table":1,"minecraft:bee_nest":1}},"DataVersion":3465}