{"stats":{"minecraft:dropped":{"minecraft:cooked_chicken":2,"minecraft:cooked_mutton":3,"minecraft:dirt":1,"gravestone:obituary":8,"iceandfire:manuscript":1},"minecraft:crafted":{"minecraft:oak_planks":16,"minecraft:cooked_porkchop":2,"minecraft:crafting_table":1,"minecraft:cooked_chicken":5,"minecraft:wooden_pickaxe":1,"minecraft:furnace":1,"minecraft:birch_planks":52,"minecraft:cooked_mutton":5,"minecraft:stick":8,"minecraft:wooden_axe":1,"minecraft:torch":4},"minecraft:used":{"minecraft:cooked_mutton":2,"minecraft:wooden_pickaxe":56,"minecraft:iron_sword":50,"minecraft:cooked_chicken":1,"minecraft:torch":4,"farmersdelight:onion":19,"minecraft:dirt":36,"minecraft:crafting_table":2,"iter_rpg:etherbloom":1,"minecraft:wooden_axe":67,"minecraft:chicken":1,"minecraft:birch_sapling":3,"minecraft:cooked_porkchop":2,"minecraft:oak_sapling":15,"born_in_chaos_v1:river_mint":2,"minecraft:furnace":1,"minecraft:egg":4},"minecraft:picked_up":{"minecraft:birch_log":13,"minecraft:crafting_table":1,"minecraft:iron_chestplate":1,"minecraft:allium":38,"minecraft:feather":4,"minecraft:chicken":6,"born_in_chaos_v1:river_mint":2,"minecraft:leather":1,"minecraft:oak_log":38,"gravestone:obituary":4,"skilltree:gem":1,"minecraft:dirt":52,"minecraft:string":1,"iter_rpg:etherbloom":7,"minecraft:iron_leggings":1,"born_in_chaos_v1:marigolds":16,"minecraft:wheat_seeds":21,"minecraft:gold_nugget":202,"minecraft:beef":1,"minecraft:rose_bush":17,"minecraft:birch_sapling":3,"minecraft:iron_sword":1,"minecraft:iron_boots":1,"minecraft:egg":4,"minecraft:stick":10,"minecraft:porkchop":2,"minecraft:carrot":9,"farmersdelight:onion":13,"minecraft:iron_helmet":1,"minecraft:crossbow":1,"minecraft:oak_sapling":15,"minecraft:mutton":5,"minecraft:coal":8,"minecraft:white_wool":3,"minecraft:cobblestone":18},"minecraft:custom":{"minecraft:interact_with_furnace":7,"minecraft:mob_kills":13,"minecraft:interact_with_crafting_table":6,"minecraft:open_barrel":10,"minecraft:time_since_death":4522,"minecraft:sleep_in_bed":4,"minecraft:climb_one_cm":1035,"minecraft:time_since_rest":4555,"minecraft:waystone_activated":1,"minecraft:sprint_one_cm":164231,"minecraft:damage_taken":1503,"minecraft:walk_one_cm":267611,"minecraft:drop":15,"minecraft:damage_dealt":1308,"minecraft:swim_one_cm":4894,"minecraft:fly_one_cm":127172,"minecraft:open_chest":13,"minecraft:crouch_one_cm":1004,"minecraft:play_time":76915,"minecraft:deaths":4,"minecraft:sneak_time":460,"minecraft:walk_under_water_one_cm":2245,"minecraft:jump":1051,"minecraft:walk_on_water_one_cm":3472,"minecraft:total_world_time":76915,"minecraft:fall_one_cm":31884},"minecraft:killed":{"minecraft:pig":1,"minecraft:sheep":3,"minecraft:pillager":1,"minecraft:chicken":5,"iter_rpg:bloated":1,"minecraft:cow":1},"minecraft:mined":{"born_in_chaos_v1:marigolds":16,"farmersdelight:wild_carrots":9,"minecraft:crafting_table":1,"gravestone:gravestone":4,"minecraft:allium":9,"minecraft:grass_block":15,"minecraft:rose_bush":17,"minecraft:tall_grass":45,"farmersdelight:wild_onions":13,"minecraft:coarse_dirt":2,"minecraft:birch_log":13,"iter_rpg:etherbloom":7,"born_in_chaos_v1:river_mint":1,"minecraft:bee_nest":1,"minecraft:grass":171,"minecraft:oak_log":38,"minecraft:coal_ore":8,"iceandfire:gold_pile":23,"minecraft:dirt_path":1,"minecraft:dirt":37,"minecraft:cobweb":1,"minecraft:stone":17,"minecraft:oak_leaves":8},"minecraft:killed_by":{"minecraft:pillager":1,"minecraft:vex":3}},"DataVersion":3465}